subject,method,retainedDirections,LatAz0El0,LatAz0El0_nearestAzDeg,LatAz0El0_nearestElDeg,LatAz0El0_nearestAngularErrorDeg,LatAz45El0,LatAz45El0_nearestAzDeg,LatAz45El0_nearestElDeg,LatAz45El0_nearestAngularErrorDeg,LatAz90El0,LatAz90El0_nearestAzDeg,LatAz90El0_nearestElDeg,LatAz90El0_nearestAngularErrorDeg,VertAz0El0,VertAz0El0_nearestAzDeg,VertAz0El0_nearestElDeg,VertAz0El0_nearestAngularErrorDeg,VertAz0El45,VertAz0El45_nearestAzDeg,VertAz0El45_nearestElDeg,VertAz0El45_nearestAngularErrorDeg
0010,Measured,dense,1.5335082958839368,0.0,0.0,0.0,3.1701258808982082,45.0,0.0,0.0,7.863619697026018,90.0,0.0,0.0,3.4605074860345826,0.0,0.0,0.0,5.925326206132316,0.0,45.0,0.0
0022,Measured,dense,1.3745257772251906,0.0,0.0,0.0,3.418140002159844,45.0,0.0,0.0,9.207896401177234,90.0,0.0,0.0,5.481168036676633,0.0,0.0,0.0,6.145850392557584,0.0,45.0,0.0
0026,Measured,dense,1.6027789481238515,0.0,0.0,0.0,2.9386563809948125,45.0,0.0,0.0,7.803662435728924,90.0,0.0,0.0,4.540846612968113,0.0,0.0,0.0,6.235096094262167,0.0,45.0,0.0
0030,Measured,dense,1.6039986819875485,0.0,0.0,0.0,3.608004997329915,45.0,0.0,0.0,6.777735661875912,90.0,0.0,0.0,3.925962860006772,0.0,0.0,0.0,5.341809675556328,0.0,45.0,0.0
0032,Measured,dense,1.6164892327602571,0.0,0.0,0.0,3.3762626029036036,45.0,0.0,0.0,7.045862846616693,90.0,0.0,0.0,3.4807699127534786,0.0,0.0,0.0,4.552624327096563,0.0,45.0,0.0
0033,Measured,dense,1.4154931218748839,0.0,0.0,0.0,3.1499082628394746,45.0,0.0,0.0,6.430729081639795,90.0,0.0,0.0,4.4529647697197445,0.0,0.0,0.0,4.0050249760704055,0.0,45.0,0.0
0037,Measured,dense,1.7824011609264439,0.0,0.0,0.0,2.632668290391677,45.0,0.0,0.0,6.3605858001063975,90.0,0.0,0.0,4.821447966752648,0.0,0.0,0.0,6.209488102222505,0.0,45.0,0.0
0040,Measured,dense,1.5471186323900055,0.0,0.0,0.0,3.265610940703539,45.0,0.0,0.0,8.456574532941794,90.0,0.0,0.0,4.637391870259075,0.0,0.0,0.0,5.4242159570012385,0.0,45.0,0.0
0048,Measured,dense,1.6224778739691355,0.0,0.0,0.0,2.5584839070098075,45.0,0.0,0.0,6.743783720919457,90.0,0.0,0.0,5.303461164820525,0.0,0.0,0.0,5.015076329958918,0.0,45.0,0.0
0059,Measured,dense,1.5507996329944014,0.0,0.0,0.0,3.5799969720753753,45.0,0.0,0.0,9.205522471878018,90.0,0.0,0.0,3.9953718374223346,0.0,0.0,0.0,5.870922726081966,0.0,45.0,0.0
0068,Measured,dense,1.8812954794683345,0.0,0.0,0.0,2.8403137079170007,45.0,0.0,0.0,5.998020423017492,90.0,0.0,0.0,4.114165524414283,0.0,0.0,0.0,5.782261084270464,0.0,45.0,0.0
0071,Measured,dense,1.5415190321110186,0.0,0.0,0.0,2.532880459301651,45.0,0.0,0.0,6.673731242367807,90.0,0.0,0.0,4.435882507558666,0.0,0.0,0.0,5.9949733718695235,0.0,45.0,0.0
0073,Measured,dense,1.7393638855483102,0.0,0.0,0.0,3.4199538326717716,45.0,0.0,0.0,7.335999971280597,90.0,0.0,0.0,4.307030097714742,0.0,0.0,0.0,6.094705203668868,0.0,45.0,0.0
0078,Measured,dense,1.5298567068993822,0.0,0.0,0.0,3.3820034310123277,45.0,0.0,0.0,6.141297642703858,90.0,0.0,0.0,4.409496516311024,0.0,0.0,0.0,4.7018376748414035,0.0,45.0,0.0
0080,Measured,dense,1.540218588874662,0.0,0.0,0.0,2.5902119216009076,45.0,0.0,0.0,4.900817043507757,90.0,0.0,0.0,4.746774374842702,0.0,0.0,0.0,6.106320839457296,0.0,45.0,0.0
0082,Measured,dense,1.713638255722786,0.0,0.0,0.0,3.2146474658778574,45.0,0.0,0.0,6.013498716583659,90.0,0.0,0.0,4.141907950813861,0.0,0.0,0.0,6.279692047376507,0.0,45.0,0.0
0083,Measured,dense,1.7464550074556293,0.0,0.0,0.0,2.9072865559763885,45.0,0.0,0.0,8.445913494083463,90.0,0.0,0.0,4.334545902535982,0.0,0.0,0.0,7.008189231400903,0.0,45.0,0.0
0088,Measured,dense,1.6027513441937409,0.0,0.0,0.0,3.1166804720744756,45.0,0.0,0.0,8.407973726620828,90.0,0.0,0.0,4.194737209167831,0.0,0.0,0.0,4.801046666492298,0.0,45.0,0.0
0089,Measured,dense,1.5102977142509217,0.0,0.0,0.0,3.1568231795243773,45.0,0.0,0.0,8.704133567768256,90.0,0.0,0.0,4.812925512491027,0.0,0.0,0.0,4.2940920962040465,0.0,45.0,0.0
0100,Measured,dense,1.5529319530666963,0.0,0.0,0.0,2.9578162489677924,45.0,0.0,0.0,9.158806418076763,90.0,0.0,0.0,5.965902902844844,0.0,0.0,0.0,9.716849743874985,0.0,45.0,0.0
0104,Measured,dense,1.4509710431124234,0.0,0.0,0.0,3.447303350196953,45.0,0.0,0.0,10.226602496791346,90.0,0.0,0.0,5.386807269935631,0.0,0.0,0.0,6.02367899699126,0.0,45.0,0.0
0116,Measured,dense,1.8436249903512794,0.0,0.0,0.0,2.9297132045339325,45.0,0.0,0.0,10.210568280889907,90.0,0.0,0.0,3.690127613110591,0.0,0.0,0.0,4.748252156866077,0.0,45.0,0.0
0118,Measured,dense,1.8292713789500736,0.0,0.0,0.0,3.043666012446959,45.0,0.0,0.0,9.064403702186645,90.0,0.0,0.0,4.451638547070547,0.0,0.0,0.0,7.1482786472679285,0.0,45.0,0.0
0128,Measured,dense,1.799327591787831,0.0,0.0,0.0,2.3269495112357648,45.0,0.0,0.0,5.730309938698662,90.0,0.0,0.0,4.310696844890427,0.0,0.0,0.0,5.532463116870588,0.0,45.0,0.0
0141,Measured,dense,1.995455170239643,0.0,0.0,0.0,2.6414041681369818,45.0,0.0,0.0,5.272048555594687,90.0,0.0,0.0,4.898445048036519,0.0,0.0,0.0,5.637538289840304,0.0,45.0,0.0
0143,Measured,dense,1.702085542791664,0.0,0.0,0.0,2.4093831594279664,45.0,0.0,0.0,5.611191804613218,90.0,0.0,0.0,3.515219054825942,0.0,0.0,0.0,5.408316076821199,0.0,45.0,0.0
0148,Measured,dense,1.8193794590414816,0.0,0.0,0.0,3.1591369555305033,45.0,0.0,0.0,8.149423134418466,90.0,0.0,0.0,5.458842027318398,0.0,0.0,0.0,8.198042335220512,0.0,45.0,0.0
0149,Measured,dense,1.5454187387242928,0.0,0.0,0.0,2.503168351783516,45.0,0.0,0.0,4.534954648720772,90.0,0.0,0.0,4.442955537855905,0.0,0.0,0.0,5.338422836382956,0.0,45.0,0.0
0152,Measured,dense,1.9236906866125052,0.0,0.0,0.0,3.16283284714466,45.0,0.0,0.0,6.46991796461809,90.0,0.0,0.0,3.8761375187748497,0.0,0.0,0.0,6.688384382820953,0.0,45.0,0.0
0166,Measured,dense,1.9627573887733307,0.0,0.0,0.0,2.7294409937053996,45.0,0.0,0.0,5.918610293861941,90.0,0.0,0.0,3.6570431974728503,0.0,0.0,0.0,5.190960924717731,0.0,45.0,0.0
0168,Measured,dense,1.5686753385793797,0.0,0.0,0.0,3.185681010884754,45.0,0.0,0.0,4.980416450545655,90.0,0.0,0.0,5.97967913108488,0.0,0.0,0.0,6.966641173357611,0.0,45.0,0.0
0169,Measured,dense,1.7350688362332702,0.0,0.0,0.0,2.8716801113897796,45.0,0.0,0.0,4.152773670908693,90.0,0.0,0.0,4.924712555113618,0.0,0.0,0.0,5.040462052263338,0.0,45.0,0.0
0172,Measured,dense,1.6956226053473888,0.0,0.0,0.0,3.3234622587823455,45.0,0.0,0.0,9.126978453110844,90.0,0.0,0.0,5.276306220457607,0.0,0.0,0.0,8.48889181240887,0.0,45.0,0.0
0173,Measured,dense,2.132642306736902,0.0,0.0,0.0,2.543973812931522,45.0,0.0,0.0,3.425304600857612,90.0,0.0,0.0,5.516782291423574,0.0,0.0,0.0,4.239510290372469,0.0,45.0,0.0
0175,Measured,dense,1.885892251122736,0.0,0.0,0.0,2.780275759293927,45.0,0.0,0.0,5.334490665181033,90.0,0.0,0.0,3.627337606421969,0.0,0.0,0.0,3.851879667140459,0.0,45.0,0.0
0179,Measured,dense,1.9344686528955743,0.0,0.0,0.0,3.0875130502946617,45.0,0.0,0.0,8.82296972618464,90.0,0.0,0.0,4.164005924072621,0.0,0.0,0.0,5.362021084430153,0.0,45.0,0.0
0191,Measured,dense,1.7271709580079602,0.0,0.0,0.0,3.2812970048461985,45.0,0.0,0.0,8.647969591769336,90.0,0.0,0.0,3.8568117012874734,0.0,0.0,0.0,5.162877886026581,0.0,45.0,0.0
0193,Measured,dense,1.8616603639835207,0.0,0.0,0.0,2.914545081927477,45.0,0.0,0.0,7.44820375237602,90.0,0.0,0.0,5.542658019801378,0.0,0.0,0.0,5.317212718830489,0.0,45.0,0.0
0196,Measured,dense,1.849369159834663,0.0,0.0,0.0,3.07538608672221,45.0,0.0,0.0,5.225131110954343,90.0,0.0,0.0,4.6261347416592535,0.0,0.0,0.0,6.957586398758515,0.0,45.0,0.0
0198,Measured,dense,1.5141407007713206,0.0,0.0,0.0,3.341411398424703,45.0,0.0,0.0,6.9162741417744815,90.0,0.0,0.0,5.543144196244902,0.0,0.0,0.0,7.160416989817612,0.0,45.0,0.0
0200,Measured,dense,1.6982311275045772,0.0,0.0,0.0,2.914476270761572,45.0,0.0,0.0,3.981027273357005,90.0,0.0,0.0,3.968163321705544,0.0,0.0,0.0,5.713173548089575,0.0,45.0,0.0
0010,SUpDEq-MCA,19,1.7594793234936759,0.0,0.0,0.0,2.778697827983021,45.0,0.0,0.0,6.732681352954146,90.0,0.0,0.0,3.778422068561843,0.0,0.0,0.0,4.777246650814416,0.0,45.0,0.0
0022,SUpDEq-MCA,19,2.0436649781008285,0.0,0.0,0.0,2.372054289322662,45.0,0.0,0.0,5.083934517232791,90.0,0.0,0.0,3.8561227505417235,0.0,0.0,0.0,5.061895641091561,0.0,45.0,0.0
0026,SUpDEq-MCA,19,1.6220249224447256,0.0,0.0,0.0,2.919214474565,45.0,0.0,0.0,5.4417802332083385,90.0,0.0,0.0,3.8170627775347037,0.0,0.0,0.0,6.577069055206458,0.0,45.0,0.0
0030,SUpDEq-MCA,19,1.6293794577179819,0.0,0.0,0.0,2.92031691383134,45.0,0.0,0.0,5.414745997301838,90.0,0.0,0.0,4.001984284557727,0.0,0.0,0.0,4.257662547554072,0.0,45.0,0.0
0032,SUpDEq-MCA,19,2.168697600355691,0.0,0.0,0.0,2.6571711995147136,45.0,0.0,0.0,5.497914298516887,90.0,0.0,0.0,3.796617820314638,0.0,0.0,0.0,3.813294047296954,0.0,45.0,0.0
0033,SUpDEq-MCA,19,1.6145041981726134,0.0,0.0,0.0,2.5282951750164866,45.0,0.0,0.0,4.886228125511034,90.0,0.0,0.0,4.8276325033407685,0.0,0.0,0.0,6.269959250221309,0.0,45.0,0.0
0037,SUpDEq-MCA,19,1.9201856691343733,0.0,0.0,0.0,2.178486567575289,45.0,0.0,0.0,5.656379594239094,90.0,0.0,0.0,4.0444229571346995,0.0,0.0,0.0,5.1937244808456775,0.0,45.0,0.0
0040,SUpDEq-MCA,19,1.9741801911945474,0.0,0.0,0.0,2.453217167759561,45.0,0.0,0.0,7.334439262756083,90.0,0.0,0.0,5.168204649037902,0.0,0.0,0.0,5.1646443475513495,0.0,45.0,0.0
0048,SUpDEq-MCA,19,1.9376221885682294,0.0,0.0,0.0,2.152411356429364,45.0,0.0,0.0,5.884439614565251,90.0,0.0,0.0,3.772684342607264,0.0,0.0,0.0,5.024594531199935,0.0,45.0,0.0
0059,SUpDEq-MCA,19,2.1528727671552743,0.0,0.0,0.0,2.8677200231410316,45.0,0.0,0.0,5.7964630866187,90.0,0.0,0.0,3.720557768278318,0.0,0.0,0.0,4.549041140615832,0.0,45.0,0.0
0068,SUpDEq-MCA,19,1.8078099112936539,0.0,0.0,0.0,2.513553609217973,45.0,0.0,0.0,5.3045431591428045,90.0,0.0,0.0,5.173531518283494,0.0,0.0,0.0,4.020029676149389,0.0,45.0,0.0
0071,SUpDEq-MCA,19,1.744630108114762,0.0,0.0,0.0,2.1906517263228453,45.0,0.0,0.0,5.3891242850314525,90.0,0.0,0.0,4.544906120438682,0.0,0.0,0.0,4.291273319665015,0.0,45.0,0.0
0073,SUpDEq-MCA,19,2.1711622099419237,0.0,0.0,0.0,3.137207053043284,45.0,0.0,0.0,6.467245607348958,90.0,0.0,0.0,3.604514123359229,0.0,0.0,0.0,6.1087328173772315,0.0,45.0,0.0
0078,SUpDEq-MCA,19,1.7702167575374699,0.0,0.0,0.0,2.7855851775729006,45.0,0.0,0.0,5.896222114814634,90.0,0.0,0.0,4.771780484262305,0.0,0.0,0.0,3.43264462367241,0.0,45.0,0.0
0080,SUpDEq-MCA,19,1.7538117707518652,0.0,0.0,0.0,2.207241248145889,45.0,0.0,0.0,5.108481037739667,90.0,0.0,0.0,4.771766258212651,0.0,0.0,0.0,5.5580882940608065,0.0,45.0,0.0
0082,SUpDEq-MCA,19,1.7782283583818224,0.0,0.0,0.0,3.5331723802558934,45.0,0.0,0.0,6.313091797188417,90.0,0.0,0.0,4.853491300815508,0.0,0.0,0.0,5.027209276470235,0.0,45.0,0.0
0083,SUpDEq-MCA,19,1.80397310467457,0.0,0.0,0.0,2.5460352583879127,45.0,0.0,0.0,4.526882918679678,90.0,0.0,0.0,4.414753627622914,0.0,0.0,0.0,4.961023794807558,0.0,45.0,0.0
0088,SUpDEq-MCA,19,1.7768177265725136,0.0,0.0,0.0,2.4809637216349585,45.0,0.0,0.0,6.98449029522393,90.0,0.0,0.0,3.188669381695795,0.0,0.0,0.0,5.002045310677538,0.0,45.0,0.0
0089,SUpDEq-MCA,19,1.7749892697152105,0.0,0.0,0.0,3.862779609428939,45.0,0.0,0.0,7.6039517984887075,90.0,0.0,0.0,4.0284511849108835,0.0,0.0,0.0,5.395209421110059,0.0,45.0,0.0
0100,SUpDEq-MCA,19,1.837104362459175,0.0,0.0,0.0,2.1843439957159534,45.0,0.0,0.0,7.102327874200886,90.0,0.0,0.0,4.440811407302394,0.0,0.0,0.0,6.109339433786294,0.0,45.0,0.0
0104,SUpDEq-MCA,19,1.9560800339953859,0.0,0.0,0.0,2.387041697576505,45.0,0.0,0.0,5.379971550274884,90.0,0.0,0.0,3.73520150737303,0.0,0.0,0.0,4.850627554815737,0.0,45.0,0.0
0116,SUpDEq-MCA,19,2.0309065261687707,0.0,0.0,0.0,2.5862239076265565,45.0,0.0,0.0,5.267524537801485,90.0,0.0,0.0,4.730409074686864,0.0,0.0,0.0,5.482870804089415,0.0,45.0,0.0
0118,SUpDEq-MCA,19,1.7891600526144746,0.0,0.0,0.0,3.1575541368719886,45.0,0.0,0.0,6.968634576342562,90.0,0.0,0.0,3.9939949784565174,0.0,0.0,0.0,6.634215928569498,0.0,45.0,0.0
0128,SUpDEq-MCA,19,1.6745399636889902,0.0,0.0,0.0,2.721199577097058,45.0,0.0,0.0,5.980339387540687,90.0,0.0,0.0,4.537138869312817,0.0,0.0,0.0,4.8324107514921675,0.0,45.0,0.0
0141,SUpDEq-MCA,19,1.865704213503422,0.0,0.0,0.0,2.7431106477532845,45.0,0.0,0.0,4.799721175489462,90.0,0.0,0.0,4.759375982651129,0.0,0.0,0.0,2.99707042851113,0.0,45.0,0.0
0143,SUpDEq-MCA,19,1.7644355072304208,0.0,0.0,0.0,2.35728122923617,45.0,0.0,0.0,6.061979718284562,90.0,0.0,0.0,3.425219241793876,0.0,0.0,0.0,7.225583949287629,0.0,45.0,0.0
0148,SUpDEq-MCA,19,1.8644390792809302,0.0,0.0,0.0,2.4768687405891425,45.0,0.0,0.0,5.934432964201487,90.0,0.0,0.0,4.941964410194582,0.0,0.0,0.0,5.264227782009676,0.0,45.0,0.0
0149,SUpDEq-MCA,19,2.0320017460604736,0.0,0.0,0.0,2.8449388385976375,45.0,0.0,0.0,3.6917037999033058,90.0,0.0,0.0,4.603311925216204,0.0,0.0,0.0,6.458216393156517,0.0,45.0,0.0
0152,SUpDEq-MCA,19,2.365330646708526,0.0,0.0,0.0,2.583235210991823,45.0,0.0,0.0,5.864162658342519,90.0,0.0,0.0,4.760000624256657,0.0,0.0,0.0,5.178956485924708,0.0,45.0,0.0
0166,SUpDEq-MCA,19,1.8435678993400055,0.0,0.0,0.0,2.74199656421805,45.0,0.0,0.0,4.53599035487262,90.0,0.0,0.0,3.653833237985943,0.0,0.0,0.0,3.6944713208242175,0.0,45.0,0.0
0168,SUpDEq-MCA,19,1.9718874651616567,0.0,0.0,0.0,2.1640188662699735,45.0,0.0,0.0,5.609964482674827,90.0,0.0,0.0,4.157025638949551,0.0,0.0,0.0,5.1265854584523645,0.0,45.0,0.0
0169,SUpDEq-MCA,19,2.708324490909663,0.0,0.0,0.0,1.7963586963303007,45.0,0.0,0.0,3.309032569905037,90.0,0.0,0.0,3.1962683589664502,0.0,0.0,0.0,2.633259917227749,0.0,45.0,0.0
0172,SUpDEq-MCA,19,1.995009452007579,0.0,0.0,0.0,2.6124397778909283,45.0,0.0,0.0,5.771642071230883,90.0,0.0,0.0,4.8780162539479015,0.0,0.0,0.0,5.159280391777061,0.0,45.0,0.0
0173,SUpDEq-MCA,19,2.018615902858058,0.0,0.0,0.0,2.3831183201473314,45.0,0.0,0.0,2.506443202982987,90.0,0.0,0.0,4.286124092340336,0.0,0.0,0.0,3.6367240924449065,0.0,45.0,0.0
0175,SUpDEq-MCA,19,2.29560781384756,0.0,0.0,0.0,2.1336964181256963,45.0,0.0,0.0,3.0508314680560686,90.0,0.0,0.0,4.26677392860014,0.0,0.0,0.0,3.529682660331312,0.0,45.0,0.0
0179,SUpDEq-MCA,19,1.7975581626259527,0.0,0.0,0.0,2.5016688477701536,45.0,0.0,0.0,5.692980991902423,90.0,0.0,0.0,3.398647893490524,0.0,0.0,0.0,4.3930342012175405,0.0,45.0,0.0
0191,SUpDEq-MCA,19,1.672036362588961,0.0,0.0,0.0,3.060732641984296,45.0,0.0,0.0,4.43385449093701,90.0,0.0,0.0,4.315760431444518,0.0,0.0,0.0,4.570559518670029,0.0,45.0,0.0
0193,SUpDEq-MCA,19,1.615932091889416,0.0,0.0,0.0,2.876001878175071,45.0,0.0,0.0,7.96471368506704,90.0,0.0,0.0,5.420864822542059,0.0,0.0,0.0,5.023327540914561,0.0,45.0,0.0
0196,SUpDEq-MCA,19,2.172214025032429,0.0,0.0,0.0,2.491725618692014,45.0,0.0,0.0,6.332312145185732,90.0,0.0,0.0,4.891428931853505,0.0,0.0,0.0,4.067042917443342,0.0,45.0,0.0
0198,SUpDEq-MCA,19,2.0632401784584604,0.0,0.0,0.0,2.491159081000452,45.0,0.0,0.0,5.9186594267333925,90.0,0.0,0.0,3.9046843949486854,0.0,0.0,0.0,4.912334716778619,0.0,45.0,0.0
0200,SUpDEq-MCA,19,1.557029356533021,0.0,0.0,0.0,3.8551876569352572,45.0,0.0,0.0,3.990386763717035,90.0,0.0,0.0,3.8073308474644185,0.0,0.0,0.0,4.464359685590355,0.0,45.0,0.0
0010,SUpDEq-MCA,5,1.6054716267870124,0.0,0.0,0.0,2.3354017345952864,45.0,0.0,0.0,4.681643148745971,90.0,0.0,0.0,7.537365865113815,0.0,0.0,0.0,5.111819894948752,0.0,45.0,0.0
0022,SUpDEq-MCA,5,1.55780055637701,0.0,0.0,0.0,2.197169935479959,45.0,0.0,0.0,4.941622718108951,90.0,0.0,0.0,6.053979359345297,0.0,0.0,0.0,5.153551860601446,0.0,45.0,0.0
0026,SUpDEq-MCA,5,1.7964449618270786,0.0,0.0,0.0,2.594036037197588,45.0,0.0,0.0,6.058707500881164,90.0,0.0,0.0,7.084158850408132,0.0,0.0,0.0,5.9971849609222065,0.0,45.0,0.0
0030,SUpDEq-MCA,5,1.7627271678468963,0.0,0.0,0.0,3.0883103531306824,45.0,0.0,0.0,5.280134765281403,90.0,0.0,0.0,7.315534104019773,0.0,0.0,0.0,5.218427343966325,0.0,45.0,0.0
0032,SUpDEq-MCA,5,1.8025455042787755,0.0,0.0,0.0,2.892977191828636,45.0,0.0,0.0,4.97805770748763,90.0,0.0,0.0,8.091911217857247,0.0,0.0,0.0,5.988812845869431,0.0,45.0,0.0
0033,SUpDEq-MCA,5,1.68658113625023,0.0,0.0,0.0,2.1700580014758146,45.0,0.0,0.0,4.871421831611269,90.0,0.0,0.0,7.366774306827967,0.0,0.0,0.0,7.810276162950632,0.0,45.0,0.0
0037,SUpDEq-MCA,5,1.6592341770860903,0.0,0.0,0.0,2.3829992054078803,45.0,0.0,0.0,6.33729162608815,90.0,0.0,0.0,7.830621709923708,0.0,0.0,0.0,7.481258790585654,0.0,45.0,0.0
0040,SUpDEq-MCA,5,1.6807931181445244,0.0,0.0,0.0,2.3403904192586777,45.0,0.0,0.0,6.0024389291076075,90.0,0.0,0.0,6.584436121348183,0.0,0.0,0.0,6.644044331312716,0.0,45.0,0.0
0048,SUpDEq-MCA,5,1.4975166144321685,0.0,0.0,0.0,2.501100381993312,45.0,0.0,0.0,6.004581101322482,90.0,0.0,0.0,5.787590360152397,0.0,0.0,0.0,5.927361141568914,0.0,45.0,0.0
0059,SUpDEq-MCA,5,1.8373839764451039,0.0,0.0,0.0,2.7925653280074734,45.0,0.0,0.0,6.030116329176788,90.0,0.0,0.0,12.463800692689162,0.0,0.0,0.0,4.498103138916311,0.0,45.0,0.0
0068,SUpDEq-MCA,5,1.6706868722465849,0.0,0.0,0.0,2.6502059120031283,45.0,0.0,0.0,4.8701312906092475,90.0,0.0,0.0,5.576432386318537,0.0,0.0,0.0,6.319740119059365,0.0,45.0,0.0
0071,SUpDEq-MCA,5,1.62147960217295,0.0,0.0,0.0,2.5474812136067615,45.0,0.0,0.0,6.675797212281657,90.0,0.0,0.0,5.563609160159096,0.0,0.0,0.0,7.761273020760813,0.0,45.0,0.0
0073,SUpDEq-MCA,5,1.8337616441842306,0.0,0.0,0.0,2.473656815627353,45.0,0.0,0.0,5.943678030802277,90.0,0.0,0.0,9.12554290491547,0.0,0.0,0.0,6.301530644133996,0.0,45.0,0.0
0078,SUpDEq-MCA,5,1.651753007567144,0.0,0.0,0.0,2.6414611725981514,45.0,0.0,0.0,4.367044549240246,90.0,0.0,0.0,6.515342658177119,0.0,0.0,0.0,5.719417147534939,0.0,45.0,0.0
0080,SUpDEq-MCA,5,1.571358227186785,0.0,0.0,0.0,2.3422863229312485,45.0,0.0,0.0,7.3402864694408,90.0,0.0,0.0,7.995000447877817,0.0,0.0,0.0,6.6758290443323745,0.0,45.0,0.0
0082,SUpDEq-MCA,5,1.7382603114465855,0.0,0.0,0.0,2.4436000629665937,45.0,0.0,0.0,4.435403494756959,90.0,0.0,0.0,6.530471246762812,0.0,0.0,0.0,5.89668059250422,0.0,45.0,0.0
0083,SUpDEq-MCA,5,1.7750473388409687,0.0,0.0,0.0,3.2391894660363936,45.0,0.0,0.0,5.1356639988835635,90.0,0.0,0.0,8.201611987598227,0.0,0.0,0.0,5.8366256511222385,0.0,45.0,0.0
0088,SUpDEq-MCA,5,1.4122818940901318,0.0,0.0,0.0,2.089673584643544,45.0,0.0,0.0,5.838846731778904,90.0,0.0,0.0,5.90338166154116,0.0,0.0,0.0,6.449140625295963,0.0,45.0,0.0
0089,SUpDEq-MCA,5,1.5616579888141242,0.0,0.0,0.0,2.775924401615821,45.0,0.0,0.0,3.9775542476122747,90.0,0.0,0.0,7.649436377538381,0.0,0.0,0.0,4.790541449768414,0.0,45.0,0.0
0100,SUpDEq-MCA,5,1.6312625854683003,0.0,0.0,0.0,2.629405794933798,45.0,0.0,0.0,5.2954081246372064,90.0,0.0,0.0,6.244285218493202,0.0,0.0,0.0,5.20555252054984,0.0,45.0,0.0
0104,SUpDEq-MCA,5,1.7719339427852916,0.0,0.0,0.0,2.802326353973296,45.0,0.0,0.0,4.174033595290966,90.0,0.0,0.0,7.8753106123074135,0.0,0.0,0.0,5.996634405845892,0.0,45.0,0.0
0116,SUpDEq-MCA,5,1.5268798140569833,0.0,0.0,0.0,2.81220185529986,45.0,0.0,0.0,5.023492443826097,90.0,0.0,0.0,6.353749037501179,0.0,0.0,0.0,4.5297083584168725,0.0,45.0,0.0
0118,SUpDEq-MCA,5,1.765296729434197,0.0,0.0,0.0,3.203667816791596,45.0,0.0,0.0,5.909104731279651,90.0,0.0,0.0,6.25310938721745,0.0,0.0,0.0,5.27307307672112,0.0,45.0,0.0
0128,SUpDEq-MCA,5,1.399181026071414,0.0,0.0,0.0,2.228589748504568,45.0,0.0,0.0,4.720168592676648,90.0,0.0,0.0,5.563401215996627,0.0,0.0,0.0,7.067920566599127,0.0,45.0,0.0
0141,SUpDEq-MCA,5,1.7093365644758018,0.0,0.0,0.0,2.79193205871761,45.0,0.0,0.0,6.022765400107324,90.0,0.0,0.0,4.448578060074387,0.0,0.0,0.0,6.771897276389217,0.0,45.0,0.0
0143,SUpDEq-MCA,5,1.5850084491627938,0.0,0.0,0.0,2.460474821455963,45.0,0.0,0.0,7.128785469643623,90.0,0.0,0.0,5.950049768048719,0.0,0.0,0.0,5.194800295885299,0.0,45.0,0.0
0148,SUpDEq-MCA,5,1.7873186865689588,0.0,0.0,0.0,2.894222985209051,45.0,0.0,0.0,5.462639727012343,90.0,0.0,0.0,6.834868664786809,0.0,0.0,0.0,7.432680042612328,0.0,45.0,0.0
0149,SUpDEq-MCA,5,1.5729478512393051,0.0,0.0,0.0,2.5749164641228512,45.0,0.0,0.0,6.243067910132979,90.0,0.0,0.0,6.8434818720411865,0.0,0.0,0.0,4.892711529533276,0.0,45.0,0.0
0152,SUpDEq-MCA,5,1.6418681584158712,0.0,0.0,0.0,2.978753773525731,45.0,0.0,0.0,6.660428006227297,90.0,0.0,0.0,6.525674103809286,0.0,0.0,0.0,7.156891421119838,0.0,45.0,0.0
0166,SUpDEq-MCA,5,1.6594548757262588,0.0,0.0,0.0,3.3868526444586355,45.0,0.0,0.0,4.374919218731762,90.0,0.0,0.0,9.07751785419304,0.0,0.0,0.0,5.400631969703378,0.0,45.0,0.0
0168,SUpDEq-MCA,5,1.583332541578162,0.0,0.0,0.0,2.1887301419171044,45.0,0.0,0.0,5.453711997559996,90.0,0.0,0.0,5.79941728061647,0.0,0.0,0.0,5.356198938363626,0.0,45.0,0.0
0169,SUpDEq-MCA,5,1.6345059707658791,0.0,0.0,0.0,2.616542404483109,45.0,0.0,0.0,5.81960889452954,90.0,0.0,0.0,5.351956783226694,0.0,0.0,0.0,3.6186490506066513,0.0,45.0,0.0
0172,SUpDEq-MCA,5,1.696776697123449,0.0,0.0,0.0,2.9885241276177292,45.0,0.0,0.0,5.307062329143426,90.0,0.0,0.0,7.413579486467791,0.0,0.0,0.0,6.26821467561224,0.0,45.0,0.0
0173,SUpDEq-MCA,5,1.7789899110550125,0.0,0.0,0.0,2.592997993510324,45.0,0.0,0.0,6.603778171853783,90.0,0.0,0.0,6.4610145408380735,0.0,0.0,0.0,5.34114776906719,0.0,45.0,0.0
0175,SUpDEq-MCA,5,1.6599240968329894,0.0,0.0,0.0,2.3012908066520885,45.0,0.0,0.0,5.8897028202146755,90.0,0.0,0.0,4.8625908984739565,0.0,0.0,0.0,6.131853183547364,0.0,45.0,0.0
0179,SUpDEq-MCA,5,1.655518043322121,0.0,0.0,0.0,2.9571311174764716,45.0,0.0,0.0,7.206258147732299,90.0,0.0,0.0,8.731365052195885,0.0,0.0,0.0,6.045464573604358,0.0,45.0,0.0
0191,SUpDEq-MCA,5,1.56565926279257,0.0,0.0,0.0,2.7259621238015224,45.0,0.0,0.0,5.135730691332148,90.0,0.0,0.0,7.8063272851235785,0.0,0.0,0.0,5.746178247378395,0.0,45.0,0.0
0193,SUpDEq-MCA,5,1.4860941719675773,0.0,0.0,0.0,2.8509517775026736,45.0,0.0,0.0,4.475811826481143,90.0,0.0,0.0,7.709134336173187,0.0,0.0,0.0,7.807698692349985,0.0,45.0,0.0
0196,SUpDEq-MCA,5,1.7505449333490763,0.0,0.0,0.0,2.384784260591223,45.0,0.0,0.0,3.6074081941399725,90.0,0.0,0.0,5.296643199174459,0.0,0.0,0.0,5.012413143848601,0.0,45.0,0.0
0198,SUpDEq-MCA,5,1.6220646018580123,0.0,0.0,0.0,3.184757811859023,45.0,0.0,0.0,6.104796341735104,90.0,0.0,0.0,7.220647845033453,0.0,0.0,0.0,7.4570062744500385,0.0,45.0,0.0
0200,SUpDEq-MCA,5,1.4477567949899004,0.0,0.0,0.0,2.235149968557801,45.0,0.0,0.0,4.371482736581601,90.0,0.0,0.0,7.239212789454866,0.0,0.0,0.0,5.194249084969873,0.0,45.0,0.0
0010,SUpDEq-Bary-MCA,19,1.7515674889323913,0.0,0.0,0.0,2.6553901187891014,45.0,0.0,0.0,5.841516570837881,90.0,0.0,0.0,6.638221028211296,0.0,0.0,0.0,6.338344592995706,0.0,45.0,0.0
0022,SUpDEq-Bary-MCA,19,1.8183870140459422,0.0,0.0,0.0,2.74552086795744,45.0,0.0,0.0,6.940799246339416,90.0,0.0,0.0,6.106259038671117,0.0,0.0,0.0,6.795893242082927,0.0,45.0,0.0
0026,SUpDEq-Bary-MCA,19,1.7633861889850093,0.0,0.0,0.0,2.85991895609658,45.0,0.0,0.0,5.566028306249324,90.0,0.0,0.0,5.572901020183791,0.0,0.0,0.0,7.499675417523989,0.0,45.0,0.0
0030,SUpDEq-Bary-MCA,19,1.9524876017962969,0.0,0.0,0.0,3.4443304000229777,45.0,0.0,0.0,5.507606173490626,90.0,0.0,0.0,5.893730627674489,0.0,0.0,0.0,6.655461733342751,0.0,45.0,0.0
0032,SUpDEq-Bary-MCA,19,2.033101681176128,0.0,0.0,0.0,2.8104191311331665,45.0,0.0,0.0,6.6296801146299424,90.0,0.0,0.0,6.577930233877257,0.0,0.0,0.0,5.932088463760897,0.0,45.0,0.0
0033,SUpDEq-Bary-MCA,19,1.7948683948810658,0.0,0.0,0.0,2.8076646849621913,45.0,0.0,0.0,5.505839161319388,90.0,0.0,0.0,6.2611567527629735,0.0,0.0,0.0,6.464400463136747,0.0,45.0,0.0
0037,SUpDEq-Bary-MCA,19,1.810902253137869,0.0,0.0,0.0,2.622467407585745,45.0,0.0,0.0,6.321501635572337,90.0,0.0,0.0,6.680528772007362,0.0,0.0,0.0,7.638794691346142,0.0,45.0,0.0
0040,SUpDEq-Bary-MCA,19,1.820780492142063,0.0,0.0,0.0,3.039421433347106,45.0,0.0,0.0,8.396105803149846,90.0,0.0,0.0,8.172800753520354,0.0,0.0,0.0,7.037036349713945,0.0,45.0,0.0
0048,SUpDEq-Bary-MCA,19,1.6798463860726913,0.0,0.0,0.0,2.8771651483925647,45.0,0.0,0.0,5.621407011374108,90.0,0.0,0.0,6.48803707038745,0.0,0.0,0.0,5.480269319122689,0.0,45.0,0.0
0059,SUpDEq-Bary-MCA,19,1.7961545443798321,0.0,0.0,0.0,3.3498825037203184,45.0,0.0,0.0,7.342429353201976,90.0,0.0,0.0,6.510047197447034,0.0,0.0,0.0,7.142061926257983,0.0,45.0,0.0
0068,SUpDEq-Bary-MCA,19,1.8906372902488822,0.0,0.0,0.0,3.2255205568829455,45.0,0.0,0.0,6.252442877558818,90.0,0.0,0.0,5.886700389384747,0.0,0.0,0.0,6.749507456970705,0.0,45.0,0.0
0071,SUpDEq-Bary-MCA,19,1.8014333536760399,0.0,0.0,0.0,2.8199223842848204,45.0,0.0,0.0,6.527505308702309,90.0,0.0,0.0,6.305289176623654,0.0,0.0,0.0,7.9338602687041195,0.0,45.0,0.0
0073,SUpDEq-Bary-MCA,19,1.9594049195885295,0.0,0.0,0.0,3.3868131709081,45.0,0.0,0.0,6.326983621045971,90.0,0.0,0.0,6.073993207691862,0.0,0.0,0.0,8.841282101099518,0.0,45.0,0.0
0078,SUpDEq-Bary-MCA,19,1.8339066206400851,0.0,0.0,0.0,3.023095678077929,45.0,0.0,0.0,5.818248079412411,90.0,0.0,0.0,5.188930752213305,0.0,0.0,0.0,5.794766685725605,0.0,45.0,0.0
0080,SUpDEq-Bary-MCA,19,1.7644782977351279,0.0,0.0,0.0,2.4820703710971515,45.0,0.0,0.0,4.848440345236528,90.0,0.0,0.0,5.520499216369364,0.0,0.0,0.0,7.301583049544347,0.0,45.0,0.0
0082,SUpDEq-Bary-MCA,19,1.8903620583354723,0.0,0.0,0.0,3.4056496059106465,45.0,0.0,0.0,5.5298125802469755,90.0,0.0,0.0,6.755267488311516,0.0,0.0,0.0,7.043811931568026,0.0,45.0,0.0
0083,SUpDEq-Bary-MCA,19,1.8490847409593545,0.0,0.0,0.0,3.0624068400237165,45.0,0.0,0.0,7.032491896834958,90.0,0.0,0.0,7.2282134004560215,0.0,0.0,0.0,9.325698465091504,0.0,45.0,0.0
0088,SUpDEq-Bary-MCA,19,1.7892506928525693,0.0,0.0,0.0,2.98628291480074,45.0,0.0,0.0,6.025590698450476,90.0,0.0,0.0,5.990830412022066,0.0,0.0,0.0,6.915485153907397,0.0,45.0,0.0
0089,SUpDEq-Bary-MCA,19,1.6849461714336536,0.0,0.0,0.0,3.099610461027147,45.0,0.0,0.0,5.525893583731035,90.0,0.0,0.0,5.299573189023959,0.0,0.0,0.0,5.916732550985665,0.0,45.0,0.0
0100,SUpDEq-Bary-MCA,19,1.8121174963813858,0.0,0.0,0.0,2.940696840414742,45.0,0.0,0.0,5.242505198974045,90.0,0.0,0.0,8.396872708523569,0.0,0.0,0.0,9.113050532741221,0.0,45.0,0.0
0104,SUpDEq-Bary-MCA,19,1.9283620080917232,0.0,0.0,0.0,2.7158233124105524,45.0,0.0,0.0,6.888386330156257,90.0,0.0,0.0,6.661032114225865,0.0,0.0,0.0,7.631146701537444,0.0,45.0,0.0
0116,SUpDEq-Bary-MCA,19,1.7486818871915022,0.0,0.0,0.0,2.948419504431098,45.0,0.0,0.0,5.40934593498223,90.0,0.0,0.0,5.765167132697107,0.0,0.0,0.0,5.69327495225366,0.0,45.0,0.0
0118,SUpDEq-Bary-MCA,19,1.909667339109651,0.0,0.0,0.0,3.3173027183763164,45.0,0.0,0.0,5.765248222723794,90.0,0.0,0.0,7.2830013201758454,0.0,0.0,0.0,9.165188553345315,0.0,45.0,0.0
0128,SUpDEq-Bary-MCA,19,1.6105792169215931,0.0,0.0,0.0,2.996685726679045,45.0,0.0,0.0,7.120255151283686,90.0,0.0,0.0,6.044292361483043,0.0,0.0,0.0,6.057031789435609,0.0,45.0,0.0
0141,SUpDEq-Bary-MCA,19,1.8964102852510516,0.0,0.0,0.0,3.02439460909189,45.0,0.0,0.0,4.744678433411217,90.0,0.0,0.0,6.184961488833175,0.0,0.0,0.0,6.319046844103906,0.0,45.0,0.0
0143,SUpDEq-Bary-MCA,19,1.7251700864482642,0.0,0.0,0.0,2.838084574688829,45.0,0.0,0.0,5.496979362002972,90.0,0.0,0.0,5.304489440726203,0.0,0.0,0.0,7.1299198058856765,0.0,45.0,0.0
0148,SUpDEq-Bary-MCA,19,2.0349742201509047,0.0,0.0,0.0,2.928766985383673,45.0,0.0,0.0,6.9259025715921005,90.0,0.0,0.0,7.38196785737839,0.0,0.0,0.0,7.792143213582142,0.0,45.0,0.0
0149,SUpDEq-Bary-MCA,19,2.0344273390586523,0.0,0.0,0.0,3.0186437572381144,45.0,0.0,0.0,4.357202760832128,90.0,0.0,0.0,7.650042164925413,0.0,0.0,0.0,8.589466938219841,0.0,45.0,0.0
0152,SUpDEq-Bary-MCA,19,1.9682423094703871,0.0,0.0,0.0,3.583147291246196,45.0,0.0,0.0,6.41438717079166,90.0,0.0,0.0,5.371944761180398,0.0,0.0,0.0,9.622802023871046,0.0,45.0,0.0
0166,SUpDEq-Bary-MCA,19,1.8811451008412499,0.0,0.0,0.0,3.0690181042702944,45.0,0.0,0.0,6.035474309240079,90.0,0.0,0.0,5.528233296306861,0.0,0.0,0.0,8.061131165831215,0.0,45.0,0.0
0168,SUpDEq-Bary-MCA,19,1.860151834764951,0.0,0.0,0.0,3.0963473673980912,45.0,0.0,0.0,4.598089228612527,90.0,0.0,0.0,7.328917448185003,0.0,0.0,0.0,8.331076935308493,0.0,45.0,0.0
0169,SUpDEq-Bary-MCA,19,2.0408971597633063,0.0,0.0,0.0,2.730196546157095,45.0,0.0,0.0,4.3402921345370356,90.0,0.0,0.0,6.026860727473695,0.0,0.0,0.0,5.232098926501879,0.0,45.0,0.0
0172,SUpDEq-Bary-MCA,19,2.01749308106553,0.0,0.0,0.0,3.1423248974945537,45.0,0.0,0.0,6.291789324152423,90.0,0.0,0.0,6.028800436462578,0.0,0.0,0.0,7.562957479465001,0.0,45.0,0.0
0173,SUpDEq-Bary-MCA,19,2.0072583934567576,0.0,0.0,0.0,3.1406723557013962,45.0,0.0,0.0,2.7222367150399434,90.0,0.0,0.0,7.501916200021587,0.0,0.0,0.0,4.4300077148038115,0.0,45.0,0.0
0175,SUpDEq-Bary-MCA,19,1.88491225628568,0.0,0.0,0.0,3.4120551084824227,45.0,0.0,0.0,4.897894567349346,90.0,0.0,0.0,5.282308286331405,0.0,0.0,0.0,5.784307390860915,0.0,45.0,0.0
0179,SUpDEq-Bary-MCA,19,1.8271058987831659,0.0,0.0,0.0,3.7086390901295867,45.0,0.0,0.0,5.330241964366642,90.0,0.0,0.0,6.323336950615896,0.0,0.0,0.0,7.730393686501909,0.0,45.0,0.0
0191,SUpDEq-Bary-MCA,19,1.849192786935764,0.0,0.0,0.0,3.4210035290242877,45.0,0.0,0.0,5.106071137546186,90.0,0.0,0.0,6.488691745402631,0.0,0.0,0.0,9.448829358303984,0.0,45.0,0.0
0193,SUpDEq-Bary-MCA,19,1.874406991917603,0.0,0.0,0.0,3.268459968152141,45.0,0.0,0.0,6.764106916023544,90.0,0.0,0.0,6.66155909391339,0.0,0.0,0.0,6.91267740766216,0.0,45.0,0.0
0196,SUpDEq-Bary-MCA,19,1.8212133268512596,0.0,0.0,0.0,3.374929907073625,45.0,0.0,0.0,5.715783957910963,90.0,0.0,0.0,7.149704206034323,0.0,0.0,0.0,5.876264029808726,0.0,45.0,0.0
0198,SUpDEq-Bary-MCA,19,1.815694986030625,0.0,0.0,0.0,3.0582285715997637,45.0,0.0,0.0,7.030850167713654,90.0,0.0,0.0,6.772073848200654,0.0,0.0,0.0,8.692117124772402,0.0,45.0,0.0
0200,SUpDEq-Bary-MCA,19,1.7037124162592383,0.0,0.0,0.0,2.9309981183168423,45.0,0.0,0.0,3.9720152491218057,90.0,0.0,0.0,4.26656477646959,0.0,0.0,0.0,5.98787582154028,0.0,45.0,0.0
0010,SUpDEq-Bary-MCA,5,2.0945763895433487,0.0,0.0,0.0,2.713209302683376,45.0,0.0,0.0,5.607487153476373,90.0,0.0,0.0,5.62644344903384,0.0,0.0,0.0,5.605427767452776,0.0,45.0,0.0
0022,SUpDEq-Bary-MCA,5,1.9929599829812799,0.0,0.0,0.0,3.3635685702560263,45.0,0.0,0.0,5.17467386817953,90.0,0.0,0.0,5.014336848451136,0.0,0.0,0.0,6.178081137142591,0.0,45.0,0.0
0026,SUpDEq-Bary-MCA,5,2.1025218859634576,0.0,0.0,0.0,2.9423263451321713,45.0,0.0,0.0,6.824626325480472,90.0,0.0,0.0,5.97326635257997,0.0,0.0,0.0,5.811937124219673,0.0,45.0,0.0
0030,SUpDEq-Bary-MCA,5,2.185206236355747,0.0,0.0,0.0,3.2558814214723717,45.0,0.0,0.0,6.460259611568127,90.0,0.0,0.0,5.535241674408839,0.0,0.0,0.0,6.834997771549492,0.0,45.0,0.0
0032,SUpDEq-Bary-MCA,5,2.1376664574956132,0.0,0.0,0.0,3.4237333812767723,45.0,0.0,0.0,5.996413747274218,90.0,0.0,0.0,8.58915951491614,0.0,0.0,0.0,7.62560735849554,0.0,45.0,0.0
0033,SUpDEq-Bary-MCA,5,2.115870441607602,0.0,0.0,0.0,3.1302891878618193,45.0,0.0,0.0,6.472615168593281,90.0,0.0,0.0,5.1446399215988565,0.0,0.0,0.0,7.2599798302723935,0.0,45.0,0.0
0037,SUpDEq-Bary-MCA,5,2.08266588723836,0.0,0.0,0.0,2.9271252954539357,45.0,0.0,0.0,5.827494268078258,90.0,0.0,0.0,5.88673293549961,0.0,0.0,0.0,7.337803518495712,0.0,45.0,0.0
0040,SUpDEq-Bary-MCA,5,2.1267306672083093,0.0,0.0,0.0,2.977421774922316,45.0,0.0,0.0,5.5544574563916544,90.0,0.0,0.0,5.066692540505453,0.0,0.0,0.0,6.418009511910104,0.0,45.0,0.0
0048,SUpDEq-Bary-MCA,5,1.912300717327256,0.0,0.0,0.0,2.9624908753569374,45.0,0.0,0.0,4.7614368804831795,90.0,0.0,0.0,5.397856043869394,0.0,0.0,0.0,5.943741043830084,0.0,45.0,0.0
0059,SUpDEq-Bary-MCA,5,2.1504997332940063,0.0,0.0,0.0,3.1475663025330993,45.0,0.0,0.0,7.4140166603917415,90.0,0.0,0.0,8.875487003608002,0.0,0.0,0.0,6.915890219433029,0.0,45.0,0.0
0068,SUpDEq-Bary-MCA,5,2.019012061080687,0.0,0.0,0.0,3.2223693385381815,45.0,0.0,0.0,6.605360793437797,90.0,0.0,0.0,4.436327259089679,0.0,0.0,0.0,5.837551297274653,0.0,45.0,0.0
0071,SUpDEq-Bary-MCA,5,2.098072645440687,0.0,0.0,0.0,3.081163311434807,45.0,0.0,0.0,6.803976193816488,90.0,0.0,0.0,5.565180376751953,0.0,0.0,0.0,7.214953043840477,0.0,45.0,0.0
0073,SUpDEq-Bary-MCA,5,2.268090249052541,0.0,0.0,0.0,3.0086337563132277,45.0,0.0,0.0,8.83246033561729,90.0,0.0,0.0,6.66752326905817,0.0,0.0,0.0,7.483494350565335,0.0,45.0,0.0
0078,SUpDEq-Bary-MCA,5,2.001886024458784,0.0,0.0,0.0,2.9883369488498914,45.0,0.0,0.0,7.819049843390836,90.0,0.0,0.0,5.136129461438098,0.0,0.0,0.0,5.560768798881325,0.0,45.0,0.0
0080,SUpDEq-Bary-MCA,5,2.018876521790378,0.0,0.0,0.0,2.948330288276205,45.0,0.0,0.0,5.975373218600701,90.0,0.0,0.0,6.371110956506042,0.0,0.0,0.0,7.928040607986591,0.0,45.0,0.0
0082,SUpDEq-Bary-MCA,5,2.161942009062346,0.0,0.0,0.0,3.1586217904253453,45.0,0.0,0.0,9.291149254615423,90.0,0.0,0.0,8.262667561512721,0.0,0.0,0.0,7.5851025502133504,0.0,45.0,0.0
0083,SUpDEq-Bary-MCA,5,2.1496226441906288,0.0,0.0,0.0,3.205436307181574,45.0,0.0,0.0,6.484048144208169,90.0,0.0,0.0,6.094728160403402,0.0,0.0,0.0,6.387255752489392,0.0,45.0,0.0
0088,SUpDEq-Bary-MCA,5,2.1378290250125653,0.0,0.0,0.0,2.8392463874491294,45.0,0.0,0.0,4.14470646995309,90.0,0.0,0.0,6.539952786069244,0.0,0.0,0.0,6.121435454268139,0.0,45.0,0.0
0089,SUpDEq-Bary-MCA,5,2.0620469345624715,0.0,0.0,0.0,3.3437057608923264,45.0,0.0,0.0,5.849111286919,90.0,0.0,0.0,5.791734723792067,0.0,0.0,0.0,5.606015166939222,0.0,45.0,0.0
0100,SUpDEq-Bary-MCA,5,2.0931794923352607,0.0,0.0,0.0,2.7304146430618763,45.0,0.0,0.0,8.347137336555614,90.0,0.0,0.0,5.795287674617653,0.0,0.0,0.0,7.821490525097272,0.0,45.0,0.0
0104,SUpDEq-Bary-MCA,5,2.1564619902582494,0.0,0.0,0.0,3.286532672608589,45.0,0.0,0.0,7.112774371940932,90.0,0.0,0.0,7.494240121163689,0.0,0.0,0.0,6.28738680849889,0.0,45.0,0.0
0116,SUpDEq-Bary-MCA,5,2.10071893640281,0.0,0.0,0.0,3.1370707963222904,45.0,0.0,0.0,5.630780594544974,90.0,0.0,0.0,4.743195495409829,0.0,0.0,0.0,5.235626518159164,0.0,45.0,0.0
0118,SUpDEq-Bary-MCA,5,2.217220505378757,0.0,0.0,0.0,3.435915495027632,45.0,0.0,0.0,5.99164496002903,90.0,0.0,0.0,6.529209723268261,0.0,0.0,0.0,5.768802119230885,0.0,45.0,0.0
0128,SUpDEq-Bary-MCA,5,1.939638038272333,0.0,0.0,0.0,2.563892062796942,45.0,0.0,0.0,5.616180829271174,90.0,0.0,0.0,6.114348132935997,0.0,0.0,0.0,6.0479077908476935,0.0,45.0,0.0
0141,SUpDEq-Bary-MCA,5,2.147882050865282,0.0,0.0,0.0,3.2097154545154423,45.0,0.0,0.0,6.32771089450059,90.0,0.0,0.0,4.552710000637215,0.0,0.0,0.0,6.705029578545354,0.0,45.0,0.0
0143,SUpDEq-Bary-MCA,5,2.0341292267127495,0.0,0.0,0.0,3.0934920408398274,45.0,0.0,0.0,5.101820978244549,90.0,0.0,0.0,5.042089766355288,0.0,0.0,0.0,5.778581605716329,0.0,45.0,0.0
0148,SUpDEq-Bary-MCA,5,2.1593537749413647,0.0,0.0,0.0,3.067807281149676,45.0,0.0,0.0,7.247087539253471,90.0,0.0,0.0,4.878621129353905,0.0,0.0,0.0,7.508347857818998,0.0,45.0,0.0
0149,SUpDEq-Bary-MCA,5,2.1178697774803683,0.0,0.0,0.0,2.539615088411713,45.0,0.0,0.0,7.155458272213734,90.0,0.0,0.0,7.041208261766055,0.0,0.0,0.0,6.157210192178557,0.0,45.0,0.0
0152,SUpDEq-Bary-MCA,5,2.0662639946779575,0.0,0.0,0.0,2.9566622605793325,45.0,0.0,0.0,6.998046351989952,90.0,0.0,0.0,5.086626794006484,0.0,0.0,0.0,6.523478715303966,0.0,45.0,0.0
0166,SUpDEq-Bary-MCA,5,2.1153561664886786,0.0,0.0,0.0,3.4173862066610563,45.0,0.0,0.0,7.337722985212676,90.0,0.0,0.0,6.970542739360878,0.0,0.0,0.0,6.490398419175452,0.0,45.0,0.0
0168,SUpDEq-Bary-MCA,5,2.0771238975285904,0.0,0.0,0.0,2.5263311641416033,45.0,0.0,0.0,6.559971410058006,90.0,0.0,0.0,6.507737186054169,0.0,0.0,0.0,6.486576667739898,0.0,45.0,0.0
0169,SUpDEq-Bary-MCA,5,2.2174943334436974,0.0,0.0,0.0,2.643573415905501,45.0,0.0,0.0,5.923787664165536,90.0,0.0,0.0,4.873118683628302,0.0,0.0,0.0,5.3323258831895455,0.0,45.0,0.0
0172,SUpDEq-Bary-MCA,5,2.099437014020211,0.0,0.0,0.0,3.3768556564519367,45.0,0.0,0.0,6.381056651624753,90.0,0.0,0.0,5.453582004512573,0.0,0.0,0.0,6.793348668493584,0.0,45.0,0.0
0173,SUpDEq-Bary-MCA,5,2.155503008582744,0.0,0.0,0.0,2.550099806242643,45.0,0.0,0.0,9.014020949536977,90.0,0.0,0.0,6.036213614509227,0.0,0.0,0.0,5.190588981323109,0.0,45.0,0.0
0175,SUpDEq-Bary-MCA,5,2.1353585817115306,0.0,0.0,0.0,2.8523711368879674,45.0,0.0,0.0,6.215327750501114,90.0,0.0,0.0,4.8372295603473905,0.0,0.0,0.0,5.272153176988974,0.0,45.0,0.0
0179,SUpDEq-Bary-MCA,5,2.1234021991434955,0.0,0.0,0.0,3.203353769286432,45.0,0.0,0.0,5.113375945070194,90.0,0.0,0.0,5.375231451535145,0.0,0.0,0.0,5.924570663877417,0.0,45.0,0.0
0191,SUpDEq-Bary-MCA,5,2.0414770907869717,0.0,0.0,0.0,3.060494115004531,45.0,0.0,0.0,7.102548586968872,90.0,0.0,0.0,5.412733448100183,0.0,0.0,0.0,6.351568410943594,0.0,45.0,0.0
0193,SUpDEq-Bary-MCA,5,2.0225862910055787,0.0,0.0,0.0,3.0893111841873893,45.0,0.0,0.0,6.577635096868223,90.0,0.0,0.0,5.656395596877367,0.0,0.0,0.0,7.7444692456396975,0.0,45.0,0.0
0196,SUpDEq-Bary-MCA,5,2.1384822721016787,0.0,0.0,0.0,3.9555569918986153,45.0,0.0,0.0,4.811131306502639,90.0,0.0,0.0,5.225421845486635,0.0,0.0,0.0,6.693277905581496,0.0,45.0,0.0
0198,SUpDEq-Bary-MCA,5,2.100880357313563,0.0,0.0,0.0,3.2830591579979793,45.0,0.0,0.0,5.356321423595832,90.0,0.0,0.0,5.84094439853484,0.0,0.0,0.0,6.866447327537531,0.0,45.0,0.0
0200,SUpDEq-Bary-MCA,5,2.1070592506470787,0.0,0.0,0.0,2.9592145848465745,45.0,0.0,0.0,5.409613528953913,90.0,0.0,0.0,5.326924829072081,0.0,0.0,0.0,4.730464577663405,0.0,45.0,0.0
0010,RANF,19,1.6999516592729529,0.0,0.0,0.0,2.4579150217682706,45.0,0.0,0.0,8.658072678299565,90.0,0.0,0.0,3.694542643040005,0.0,0.0,0.0,5.945831713089029,0.0,45.0,0.0
0022,RANF,19,1.9097326233898169,0.0,0.0,0.0,2.8806667021311965,45.0,0.0,0.0,8.243831129896364,90.0,0.0,0.0,4.749051131784155,0.0,0.0,0.0,6.355625559666895,0.0,45.0,0.0
0026,RANF,19,1.629351851501427,0.0,0.0,0.0,2.7876425676314254,45.0,0.0,0.0,7.735053166764596,90.0,0.0,0.0,3.8737392542417775,0.0,0.0,0.0,7.5109721232755335,0.0,45.0,0.0
0030,RANF,19,1.330503322090406,0.0,0.0,0.0,3.4785005084858303,45.0,0.0,0.0,6.561270667309672,90.0,0.0,0.0,4.311344432374737,0.0,0.0,0.0,7.2305859469844505,0.0,45.0,0.0
0032,RANF,19,1.7779062163167785,0.0,0.0,0.0,2.9505868884274347,45.0,0.0,0.0,6.705055620066687,90.0,0.0,0.0,3.738690188438825,0.0,0.0,0.0,5.172406456435015,0.0,45.0,0.0
0033,RANF,19,1.5003918770956504,0.0,0.0,0.0,3.1544851935748213,45.0,0.0,0.0,6.427868497298197,90.0,0.0,0.0,5.878767437549324,0.0,0.0,0.0,4.941197898336701,0.0,45.0,0.0
0037,RANF,19,1.7615561887660338,0.0,0.0,0.0,2.5947363035828395,45.0,0.0,0.0,6.303445026598755,90.0,0.0,0.0,6.07842430174312,0.0,0.0,0.0,7.597258173115214,0.0,45.0,0.0
0040,RANF,19,1.757277345280439,0.0,0.0,0.0,3.095942316127195,45.0,0.0,0.0,6.32701328510473,90.0,0.0,0.0,4.8098411577572735,0.0,0.0,0.0,7.525134308039948,0.0,45.0,0.0
0048,RANF,19,1.6206768225010637,0.0,0.0,0.0,2.6800097670005427,45.0,0.0,0.0,7.749052087434484,90.0,0.0,0.0,6.486451818981365,0.0,0.0,0.0,4.779698403930139,0.0,45.0,0.0
0059,RANF,19,1.9625191609619923,0.0,0.0,0.0,2.2016589203086094,45.0,0.0,0.0,8.646075348386976,90.0,0.0,0.0,4.0716696385172195,0.0,0.0,0.0,6.148902878382949,0.0,45.0,0.0
0068,RANF,19,1.7445995211476604,0.0,0.0,0.0,3.0828553282007234,45.0,0.0,0.0,5.415307896308316,90.0,0.0,0.0,4.713595917287743,0.0,0.0,0.0,6.973132733421263,0.0,45.0,0.0
0071,RANF,19,1.6830210342443608,0.0,0.0,0.0,2.496500005387258,45.0,0.0,0.0,8.058049421424878,90.0,0.0,0.0,4.855384386917345,0.0,0.0,0.0,7.540191026946572,0.0,45.0,0.0
0073,RANF,19,1.8758849294551523,0.0,0.0,0.0,3.3248178561707635,45.0,0.0,0.0,6.345999021725035,90.0,0.0,0.0,4.227125288063733,0.0,0.0,0.0,6.786974570472192,0.0,45.0,0.0
0078,RANF,19,1.7942388988120959,0.0,0.0,0.0,2.8540636297544983,45.0,0.0,0.0,6.012158604414876,90.0,0.0,0.0,3.797938914592023,0.0,0.0,0.0,4.759600098448288,0.0,45.0,0.0
0080,RANF,19,1.4814358861816355,0.0,0.0,0.0,2.741190880725571,45.0,0.0,0.0,7.09123390709294,90.0,0.0,0.0,4.45008097173821,0.0,0.0,0.0,5.1010894600516865,0.0,45.0,0.0
0082,RANF,19,2.0256791315970464,0.0,0.0,0.0,3.2978195640103807,45.0,0.0,0.0,6.549327252008556,90.0,0.0,0.0,3.6987883562810477,0.0,0.0,0.0,7.930079277258797,0.0,45.0,0.0
0083,RANF,19,1.6985665633709182,0.0,0.0,0.0,2.6363981666839926,45.0,0.0,0.0,6.987122331685676,90.0,0.0,0.0,4.397077455176118,0.0,0.0,0.0,9.461564533361422,0.0,45.0,0.0
0088,RANF,19,1.567628519332621,0.0,0.0,0.0,3.601365695406218,45.0,0.0,0.0,7.969220019365034,90.0,0.0,0.0,3.7150501399880307,0.0,0.0,0.0,5.341538119911149,0.0,45.0,0.0
0089,RANF,19,1.7666760933943966,0.0,0.0,0.0,2.5508771317811765,45.0,0.0,0.0,9.005825243936728,90.0,0.0,0.0,4.6742331268828154,0.0,0.0,0.0,5.77475587008526,0.0,45.0,0.0
0100,RANF,19,1.4750801192148384,0.0,0.0,0.0,2.9535958164354223,45.0,0.0,0.0,9.597041499067348,90.0,0.0,0.0,5.322212717044308,0.0,0.0,0.0,7.446434330066437,0.0,45.0,0.0
0104,RANF,19,1.87124941747902,0.0,0.0,0.0,2.6482039047317345,45.0,0.0,0.0,9.433177211643217,90.0,0.0,0.0,4.8179962244136325,0.0,0.0,0.0,8.64672916593674,0.0,45.0,0.0
0116,RANF,19,2.0088811538807856,0.0,0.0,0.0,2.6931693789958384,45.0,0.0,0.0,10.736935686122173,90.0,0.0,0.0,4.107488458395947,0.0,0.0,0.0,5.480592049646695,0.0,45.0,0.0
0118,RANF,19,1.5192256338923404,0.0,0.0,0.0,3.6418083076166696,45.0,0.0,0.0,7.598016942222814,90.0,0.0,0.0,3.9330600492994936,0.0,0.0,0.0,8.913541787787297,0.0,45.0,0.0
0128,RANF,19,1.5053676030132346,0.0,0.0,0.0,2.811255361348393,45.0,0.0,0.0,6.938897553694679,90.0,0.0,0.0,6.227626608101013,0.0,0.0,0.0,6.193939314616482,0.0,45.0,0.0
0141,RANF,19,2.2762794434432316,0.0,0.0,0.0,2.255640638138178,45.0,0.0,0.0,5.294270989001209,90.0,0.0,0.0,3.408602559463816,0.0,0.0,0.0,5.184114257131624,0.0,45.0,0.0
0143,RANF,19,1.514145233255911,0.0,0.0,0.0,3.0020887764644844,45.0,0.0,0.0,7.138029926397745,90.0,0.0,0.0,3.7218972627608133,0.0,0.0,0.0,7.351971748938711,0.0,45.0,0.0
0148,RANF,19,1.8070616922013583,0.0,0.0,0.0,2.7819177233356553,45.0,0.0,0.0,8.837801715179852,90.0,0.0,0.0,5.502804660654595,0.0,0.0,0.0,7.932496990303389,0.0,45.0,0.0
0149,RANF,19,1.6523292668742235,0.0,0.0,0.0,3.0342121086912384,45.0,0.0,0.0,4.586815702853248,90.0,0.0,0.0,5.58629874316225,0.0,0.0,0.0,6.346148056459959,0.0,45.0,0.0
0152,RANF,19,2.326763504616055,0.0,0.0,0.0,2.819628367262933,45.0,0.0,0.0,5.76300089469108,90.0,0.0,0.0,3.6076151897374156,0.0,0.0,0.0,7.1261524846415485,0.0,45.0,0.0
0166,RANF,19,1.9427538652203327,0.0,0.0,0.0,2.841378252665948,45.0,0.0,0.0,6.147554507105856,90.0,0.0,0.0,3.743020294350701,0.0,0.0,0.0,5.617274210135829,0.0,45.0,0.0
0168,RANF,19,1.6675021105159429,0.0,0.0,0.0,3.0457006413491357,45.0,0.0,0.0,4.650552602171009,90.0,0.0,0.0,3.8882371688350204,0.0,0.0,0.0,5.398639382612848,0.0,45.0,0.0
0169,RANF,19,1.7475134914529282,0.0,0.0,0.0,2.934506485061615,45.0,0.0,0.0,3.305456088708501,90.0,0.0,0.0,4.87961302758807,0.0,0.0,0.0,5.223577325752103,0.0,45.0,0.0
0172,RANF,19,1.811378209777546,0.0,0.0,0.0,3.2613690688661316,45.0,0.0,0.0,7.9712361127988,90.0,0.0,0.0,5.132157971706935,0.0,0.0,0.0,7.877604056817925,0.0,45.0,0.0
0173,RANF,19,2.2373402967878473,0.0,0.0,0.0,2.137657004798857,45.0,0.0,0.0,4.629912167437059,90.0,0.0,0.0,4.835213415721815,0.0,0.0,0.0,6.469369225824892,0.0,45.0,0.0
0175,RANF,19,1.6214340513799936,0.0,0.0,0.0,2.6177618620361267,45.0,0.0,0.0,4.938851316422758,90.0,0.0,0.0,3.81139594845764,0.0,0.0,0.0,5.413460656609193,0.0,45.0,0.0
0179,RANF,19,1.6963034468327567,0.0,0.0,0.0,3.5703452931581485,45.0,0.0,0.0,5.55189393187611,90.0,0.0,0.0,6.313588850606861,0.0,0.0,0.0,7.333756963390148,0.0,45.0,0.0
0191,RANF,19,1.6183068228582367,0.0,0.0,0.0,3.1756205205748205,45.0,0.0,0.0,5.403085345991872,90.0,0.0,0.0,4.526565767640981,0.0,0.0,0.0,6.544947880817732,0.0,45.0,0.0
0193,RANF,19,1.7197183810897592,0.0,0.0,0.0,3.086106593366737,45.0,0.0,0.0,7.795020369621499,90.0,0.0,0.0,5.025975188568961,0.0,0.0,0.0,7.415541015600907,0.0,45.0,0.0
0196,RANF,19,1.7129991573973653,0.0,0.0,0.0,3.3645686597390934,45.0,0.0,0.0,5.5147147413159985,90.0,0.0,0.0,3.561364896171955,0.0,0.0,0.0,6.285007569645916,0.0,45.0,0.0
0198,RANF,19,1.6793088379709749,0.0,0.0,0.0,2.745625418287804,45.0,0.0,0.0,7.922021431969501,90.0,0.0,0.0,5.004160029189332,0.0,0.0,0.0,6.048820789830337,0.0,45.0,0.0
0200,RANF,19,1.6475422992898168,0.0,0.0,0.0,3.271397557881474,45.0,0.0,0.0,6.800738176917415,90.0,0.0,0.0,4.118507672797562,0.0,0.0,0.0,5.5465992515129825,0.0,45.0,0.0
0010,RANF,5,1.8258791375429864,0.0,0.0,0.0,2.668234777002017,45.0,0.0,0.0,8.210372458600226,90.0,0.0,0.0,3.1610753451413616,0.0,0.0,0.0,6.5302279561323715,0.0,45.0,0.0
0022,RANF,5,1.7293196534927484,0.0,0.0,0.0,2.9799050051049334,45.0,0.0,0.0,8.563065214631942,90.0,0.0,0.0,5.370182358853857,0.0,0.0,0.0,7.9992319888407835,0.0,45.0,0.0
0026,RANF,5,1.782619609437709,0.0,0.0,0.0,2.5229556737927052,45.0,0.0,0.0,9.926262674198409,90.0,0.0,0.0,4.0928264162380446,0.0,0.0,0.0,9.34271614662399,0.0,45.0,0.0
0030,RANF,5,1.616856300275032,0.0,0.0,0.0,3.274949241086394,45.0,0.0,0.0,8.604569026254119,90.0,0.0,0.0,4.477740542282594,0.0,0.0,0.0,7.227635893446762,0.0,45.0,0.0
0032,RANF,5,1.8463467573148609,0.0,0.0,0.0,2.898318361538108,45.0,0.0,0.0,7.244028718068989,90.0,0.0,0.0,4.84810129542424,0.0,0.0,0.0,8.143373710594554,0.0,45.0,0.0
0033,RANF,5,1.8887269424844628,0.0,0.0,0.0,2.66389670111517,45.0,0.0,0.0,9.115206578625838,90.0,0.0,0.0,4.7592301877471765,0.0,0.0,0.0,7.220338358567926,0.0,45.0,0.0
0037,RANF,5,1.9451351289455407,0.0,0.0,0.0,2.829214962632912,45.0,0.0,0.0,6.458602480557614,90.0,0.0,0.0,5.22839257104597,0.0,0.0,0.0,10.819692253632125,0.0,45.0,0.0
0040,RANF,5,2.03076983932666,0.0,0.0,0.0,2.7447411919404816,45.0,0.0,0.0,9.975153846698264,90.0,0.0,0.0,4.9301014319034975,0.0,0.0,0.0,8.237106322962683,0.0,45.0,0.0
0048,RANF,5,1.7668083785637967,0.0,0.0,0.0,2.5090859923064435,45.0,0.0,0.0,7.699277920854466,90.0,0.0,0.0,4.528558956564426,0.0,0.0,0.0,7.653643643878852,0.0,45.0,0.0
0059,RANF,5,2.047023447956987,0.0,0.0,0.0,2.999204546356604,45.0,0.0,0.0,7.003402391101588,90.0,0.0,0.0,5.677060262707415,0.0,0.0,0.0,6.459164944666244,0.0,45.0,0.0
0068,RANF,5,2.125256006113033,0.0,0.0,0.0,2.4031618314240766,45.0,0.0,0.0,7.537169155700346,90.0,0.0,0.0,3.9886879884917885,0.0,0.0,0.0,5.315122671081737,0.0,45.0,0.0
0071,RANF,5,1.4658228802577469,0.0,0.0,0.0,3.327797760613826,45.0,0.0,0.0,8.583500047324657,90.0,0.0,0.0,4.30012339235512,0.0,0.0,0.0,7.859973503070988,0.0,45.0,0.0
0073,RANF,5,1.9282503820956987,0.0,0.0,0.0,2.918806138204171,45.0,0.0,0.0,8.090148487322754,90.0,0.0,0.0,4.419075227919702,0.0,0.0,0.0,6.608324399019522,0.0,45.0,0.0
0078,RANF,5,1.913490547284561,0.0,0.0,0.0,2.706472865550495,45.0,0.0,0.0,7.310183028522168,90.0,0.0,0.0,4.4728356538803125,0.0,0.0,0.0,5.067175710692656,0.0,45.0,0.0
0080,RANF,5,2.060458408408573,0.0,0.0,0.0,2.361842270179649,45.0,0.0,0.0,5.9250554014979215,90.0,0.0,0.0,4.733371432571026,0.0,0.0,0.0,7.430045569126909,0.0,45.0,0.0
0082,RANF,5,2.0450047575055956,0.0,0.0,0.0,3.1524983066787784,45.0,0.0,0.0,8.084320903771493,90.0,0.0,0.0,3.8751754068938404,0.0,0.0,0.0,7.44549156447208,0.0,45.0,0.0
0083,RANF,5,1.842676978910174,0.0,0.0,0.0,3.3661115089329776,45.0,0.0,0.0,9.51712535231162,90.0,0.0,0.0,4.343613475438258,0.0,0.0,0.0,7.511476258186977,0.0,45.0,0.0
0088,RANF,5,1.4617745868938965,0.0,0.0,0.0,3.185147584663501,45.0,0.0,0.0,6.769477345129462,90.0,0.0,0.0,4.138906474039989,0.0,0.0,0.0,5.894717384015654,0.0,45.0,0.0
0089,RANF,5,1.7746251620382798,0.0,0.0,0.0,2.8652242823986396,45.0,0.0,0.0,9.234185668614954,90.0,0.0,0.0,4.823853197324881,0.0,0.0,0.0,9.553535007164049,0.0,45.0,0.0
0100,RANF,5,1.6517136156413337,0.0,0.0,0.0,3.5020459258374097,45.0,0.0,0.0,7.758971480511095,90.0,0.0,0.0,5.142043992527576,0.0,0.0,0.0,8.023984487642641,0.0,45.0,0.0
0104,RANF,5,1.863529093945361,0.0,0.0,0.0,3.0362657904408072,45.0,0.0,0.0,7.866618973037124,90.0,0.0,0.0,5.686755784033402,0.0,0.0,0.0,7.945451035523284,0.0,45.0,0.0
0116,RANF,5,1.7456609460583519,0.0,0.0,0.0,3.01347585920651,45.0,0.0,0.0,8.549315771467601,90.0,0.0,0.0,4.925331190313596,0.0,0.0,0.0,5.836883322216891,0.0,45.0,0.0
0118,RANF,5,1.5592471664817782,0.0,0.0,0.0,3.4751427387678415,45.0,0.0,0.0,7.750080046710757,90.0,0.0,0.0,4.959070195521329,0.0,0.0,0.0,9.37079355263201,0.0,45.0,0.0
0128,RANF,5,1.504636856478248,0.0,0.0,0.0,3.1996240670462655,45.0,0.0,0.0,9.894171088204928,90.0,0.0,0.0,4.056399036133285,0.0,0.0,0.0,6.971814975894144,0.0,45.0,0.0
0141,RANF,5,1.9252812463914328,0.0,0.0,0.0,3.0388512530210976,45.0,0.0,0.0,4.458730929934051,90.0,0.0,0.0,4.359763070574292,0.0,0.0,0.0,6.731945158319076,0.0,45.0,0.0
0143,RANF,5,2.108690052700417,0.0,0.0,0.0,2.348481290777733,45.0,0.0,0.0,6.758735709284389,90.0,0.0,0.0,6.139301799207144,0.0,0.0,0.0,5.279208564100775,0.0,45.0,0.0
0148,RANF,5,2.2278714038773897,0.0,0.0,0.0,2.5069610390392567,45.0,0.0,0.0,7.931717342939856,90.0,0.0,0.0,4.371393920527084,0.0,0.0,0.0,7.269747377829807,0.0,45.0,0.0
0149,RANF,5,1.7229032211929836,0.0,0.0,0.0,2.481719105910309,45.0,0.0,0.0,5.9303203637036725,90.0,0.0,0.0,5.569236546338005,0.0,0.0,0.0,6.406268670230782,0.0,45.0,0.0
0152,RANF,5,1.682035504030405,0.0,0.0,0.0,3.3754010536173134,45.0,0.0,0.0,11.410069881807917,90.0,0.0,0.0,3.8123573938270674,0.0,0.0,0.0,7.181853414165672,0.0,45.0,0.0
0166,RANF,5,1.8568992540120928,0.0,0.0,0.0,3.0477327502172105,45.0,0.0,0.0,6.231020566446199,90.0,0.0,0.0,4.682713730632712,0.0,0.0,0.0,6.086227431963831,0.0,45.0,0.0
0168,RANF,5,1.638044916744802,0.0,0.0,0.0,2.478994149545313,45.0,0.0,0.0,6.4510656755596205,90.0,0.0,0.0,4.178243348374281,0.0,0.0,0.0,5.828978083947269,0.0,45.0,0.0
0169,RANF,5,2.2254239039838764,0.0,0.0,0.0,2.0897399246191264,45.0,0.0,0.0,4.689268697768538,90.0,0.0,0.0,3.7689140606152542,0.0,0.0,0.0,5.726600906728613,0.0,45.0,0.0
0172,RANF,5,2.7873743259009744,0.0,0.0,0.0,2.313578478383169,45.0,0.0,0.0,10.741882265633887,90.0,0.0,0.0,5.07431444847146,0.0,0.0,0.0,7.262842476104088,0.0,45.0,0.0
0173,RANF,5,1.829259245021125,0.0,0.0,0.0,2.8916216622294653,45.0,0.0,0.0,5.750957744924433,90.0,0.0,0.0,4.523423366065704,0.0,0.0,0.0,9.310669313805056,0.0,45.0,0.0
0175,RANF,5,2.117454635960709,0.0,0.0,0.0,2.8717968581221878,45.0,0.0,0.0,6.247113599743668,90.0,0.0,0.0,3.4850513987011182,0.0,0.0,0.0,4.867366855891517,0.0,45.0,0.0
0179,RANF,5,2.1074884621522787,0.0,0.0,0.0,3.5319724179835443,45.0,0.0,0.0,8.551199726792415,90.0,0.0,0.0,4.126873766883832,0.0,0.0,0.0,9.461451072030712,0.0,45.0,0.0
0191,RANF,5,1.6947768238125112,0.0,0.0,0.0,3.3685678922773543,45.0,0.0,0.0,7.876010586564887,90.0,0.0,0.0,4.188617991093221,0.0,0.0,0.0,6.564553862878886,0.0,45.0,0.0
0193,RANF,5,1.7321865373530492,0.0,0.0,0.0,3.374663275737393,45.0,0.0,0.0,8.456887645401732,90.0,0.0,0.0,4.367680209577207,0.0,0.0,0.0,8.004357411998104,0.0,45.0,0.0
0196,RANF,5,2.183922051914462,0.0,0.0,0.0,2.7823722114158214,45.0,0.0,0.0,5.458728336629974,90.0,0.0,0.0,3.582597183172558,0.0,0.0,0.0,6.298161230720839,0.0,45.0,0.0
0198,RANF,5,1.620165351104688,0.0,0.0,0.0,3.26140777506633,45.0,0.0,0.0,7.266329662025957,90.0,0.0,0.0,5.596809630509633,0.0,0.0,0.0,11.664961630874426,0.0,45.0,0.0
0200,RANF,5,2.2650790350386956,0.0,0.0,0.0,2.538662478745124,45.0,0.0,0.0,7.054249488690129,90.0,0.0,0.0,4.672394247923818,0.0,0.0,0.0,7.067467620853883,0.0,45.0,0.0
0010,FSP-AE,19,1.6650065653570125,0.0,0.0,0.0,3.4430946227701598,45.0,0.0,0.0,8.228598234123627,90.0,0.0,0.0,3.812211554141123,0.0,0.0,0.0,6.174475269916725,0.0,45.0,0.0
0022,FSP-AE,19,1.7351549125498198,0.0,0.0,0.0,3.1534883868378856,45.0,0.0,0.0,10.124990159592674,90.0,0.0,0.0,4.995388737128447,0.0,0.0,0.0,7.904383490708682,0.0,45.0,0.0
0026,FSP-AE,19,1.8114273885719396,0.0,0.0,0.0,3.310457687289894,45.0,0.0,0.0,10.372395929367054,90.0,0.0,0.0,5.628704855358419,0.0,0.0,0.0,9.55647114275756,0.0,45.0,0.0
0030,FSP-AE,19,1.813497956255929,0.0,0.0,0.0,3.5839411996191113,45.0,0.0,0.0,5.740540623276611,90.0,0.0,0.0,3.863684305211162,0.0,0.0,0.0,7.273015813650626,0.0,45.0,0.0
0032,FSP-AE,19,1.8309687372749832,0.0,0.0,0.0,3.3217080641181305,45.0,0.0,0.0,9.733628703355988,90.0,0.0,0.0,3.8927169930004486,0.0,0.0,0.0,5.756776985729279,0.0,45.0,0.0
0033,FSP-AE,19,1.8349638375586204,0.0,0.0,0.0,2.958951370862704,45.0,0.0,0.0,5.829231719050805,90.0,0.0,0.0,5.384134453524419,0.0,0.0,0.0,7.131266898176198,0.0,45.0,0.0
0037,FSP-AE,19,1.8799630897545068,0.0,0.0,0.0,3.052728436128626,45.0,0.0,0.0,6.475027245594966,90.0,0.0,0.0,4.724827969868614,0.0,0.0,0.0,6.764503539004313,0.0,45.0,0.0
0040,FSP-AE,19,1.7515223953845465,0.0,0.0,0.0,3.418045182128726,45.0,0.0,0.0,8.486133421452765,90.0,0.0,0.0,5.6276127936011155,0.0,0.0,0.0,6.262720240052836,0.0,45.0,0.0
0048,FSP-AE,19,1.733906826527843,0.0,0.0,0.0,2.7964665829725717,45.0,0.0,0.0,8.094996831773097,90.0,0.0,0.0,5.724283735598431,0.0,0.0,0.0,4.820458905181875,0.0,45.0,0.0
0059,FSP-AE,19,1.6792710599759717,0.0,0.0,0.0,3.7200228055343065,45.0,0.0,0.0,8.054707833512822,90.0,0.0,0.0,4.051526602268077,0.0,0.0,0.0,6.8875183684582435,0.0,45.0,0.0
0068,FSP-AE,19,1.7856516817742085,0.0,0.0,0.0,3.2993855074688496,45.0,0.0,0.0,7.1199318399736775,90.0,0.0,0.0,4.719262767472951,0.0,0.0,0.0,6.929201041878173,0.0,45.0,0.0
0071,FSP-AE,19,1.6429192865131892,0.0,0.0,0.0,3.1002602050847945,45.0,0.0,0.0,7.929854596736386,90.0,0.0,0.0,4.537551747777676,0.0,0.0,0.0,7.180022753018462,0.0,45.0,0.0
0073,FSP-AE,19,1.7897314195567116,0.0,0.0,0.0,3.7222032146267017,45.0,0.0,0.0,9.183969289694813,90.0,0.0,0.0,4.7417745772420865,0.0,0.0,0.0,7.451949492944634,0.0,45.0,0.0
0078,FSP-AE,19,1.6838518111487062,0.0,0.0,0.0,3.683924950373476,45.0,0.0,0.0,7.642586610060522,90.0,0.0,0.0,3.996702805633859,0.0,0.0,0.0,4.994559041429481,0.0,45.0,0.0
0080,FSP-AE,19,1.7317037833723279,0.0,0.0,0.0,2.905833007959724,45.0,0.0,0.0,6.016359371726894,90.0,0.0,0.0,4.584389729663339,0.0,0.0,0.0,5.866388189581663,0.0,45.0,0.0
0082,FSP-AE,19,1.7158967228224165,0.0,0.0,0.0,4.02774521762794,45.0,0.0,0.0,7.425570684031119,90.0,0.0,0.0,5.3582232168009725,0.0,0.0,0.0,7.809492920601318,0.0,45.0,0.0
0083,FSP-AE,19,1.8437732993765752,0.0,0.0,0.0,3.5757021370324034,45.0,0.0,0.0,9.369200671482139,90.0,0.0,0.0,5.293594399374024,0.0,0.0,0.0,8.681668569394416,0.0,45.0,0.0
0088,FSP-AE,19,1.8490642062707083,0.0,0.0,0.0,3.019118499974995,45.0,0.0,0.0,8.357014419728943,90.0,0.0,0.0,4.334039172421178,0.0,0.0,0.0,5.520372712456729,0.0,45.0,0.0
0089,FSP-AE,19,1.623448750021343,0.0,0.0,0.0,3.59792829462722,45.0,0.0,0.0,7.757110086207435,90.0,0.0,0.0,4.446361572481668,0.0,0.0,0.0,5.978163728562044,0.0,45.0,0.0
0100,FSP-AE,19,1.7316974055739252,0.0,0.0,0.0,3.809844047010068,45.0,0.0,0.0,10.219023826647309,90.0,0.0,0.0,5.051836232435188,0.0,0.0,0.0,9.78230856271961,0.0,45.0,0.0
0104,FSP-AE,19,1.6946715727494504,0.0,0.0,0.0,3.463035389524274,45.0,0.0,0.0,9.474338039394768,90.0,0.0,0.0,5.739439205490195,0.0,0.0,0.0,8.695442595192947,0.0,45.0,0.0
0116,FSP-AE,19,1.793256969352413,0.0,0.0,0.0,3.534385659069273,45.0,0.0,0.0,9.423073945266143,90.0,0.0,0.0,3.6332248839437584,0.0,0.0,0.0,4.399252779433018,0.0,45.0,0.0
0118,FSP-AE,19,1.8608150532349728,0.0,0.0,0.0,3.5353179996458852,45.0,0.0,0.0,10.885455799706135,90.0,0.0,0.0,4.401415680271049,0.0,0.0,0.0,8.035891447998674,0.0,45.0,0.0
0128,FSP-AE,19,1.7006771082850336,0.0,0.0,0.0,3.2862089013398603,45.0,0.0,0.0,8.39544589374044,90.0,0.0,0.0,4.650354214141498,0.0,0.0,0.0,6.038036447436441,0.0,45.0,0.0
0141,FSP-AE,19,1.8416542784333572,0.0,0.0,0.0,2.8350699418066747,45.0,0.0,0.0,4.910230099082741,90.0,0.0,0.0,3.8172097290211733,0.0,0.0,0.0,5.156853307990015,0.0,45.0,0.0
0143,FSP-AE,19,1.872373716290726,0.0,0.0,0.0,2.684610307118612,45.0,0.0,0.0,6.906991349666859,90.0,0.0,0.0,3.6715939569138194,0.0,0.0,0.0,6.5282276997184585,0.0,45.0,0.0
0148,FSP-AE,19,1.8120413612736046,0.0,0.0,0.0,3.727152949120478,45.0,0.0,0.0,8.651141980317613,90.0,0.0,0.0,5.935419186802629,0.0,0.0,0.0,9.670518454209127,0.0,45.0,0.0
0149,FSP-AE,19,1.5606391512132909,0.0,0.0,0.0,3.2044621603703907,45.0,0.0,0.0,5.7046110762363975,90.0,0.0,0.0,5.630887894641565,0.0,0.0,0.0,6.438625530079252,0.0,45.0,0.0
0152,FSP-AE,19,1.9229588946494895,0.0,0.0,0.0,3.4575096361674373,45.0,0.0,0.0,7.891134953856022,90.0,0.0,0.0,4.560143061125,0.0,0.0,0.0,7.139320106652932,0.0,45.0,0.0
0166,FSP-AE,19,2.098625740126768,0.0,0.0,0.0,2.775517895017782,45.0,0.0,0.0,7.090031783175466,90.0,0.0,0.0,4.40545536159347,0.0,0.0,0.0,6.902299996006298,0.0,45.0,0.0
0168,FSP-AE,19,1.6891607151758439,0.0,0.0,0.0,2.882573440787747,45.0,0.0,0.0,5.419424146790122,90.0,0.0,0.0,4.663805617254968,0.0,0.0,0.0,6.439967186140863,0.0,45.0,0.0
0169,FSP-AE,19,1.8815228706091567,0.0,0.0,0.0,2.5685314940404265,45.0,0.0,0.0,5.009094666563044,90.0,0.0,0.0,4.957904270393569,0.0,0.0,0.0,4.464910582014044,0.0,45.0,0.0
0172,FSP-AE,19,1.8903028394549437,0.0,0.0,0.0,3.8182017556678103,45.0,0.0,0.0,8.482726133385054,90.0,0.0,0.0,5.10560008141589,0.0,0.0,0.0,7.244924582436871,0.0,45.0,0.0
0173,FSP-AE,19,1.9119936467237548,0.0,0.0,0.0,2.778456140154778,45.0,0.0,0.0,5.525533239507915,90.0,0.0,0.0,4.860591217947157,0.0,0.0,0.0,3.9858077426204828,0.0,45.0,0.0
0175,FSP-AE,19,1.9400328001372578,0.0,0.0,0.0,3.2904092572321932,45.0,0.0,0.0,7.587155547974557,90.0,0.0,0.0,4.234205855979072,0.0,0.0,0.0,6.217505342344341,0.0,45.0,0.0
0179,FSP-AE,19,2.0602539591268068,0.0,0.0,0.0,3.2562157583919014,45.0,0.0,0.0,8.901836219765622,90.0,0.0,0.0,4.921023325308422,0.0,0.0,0.0,7.149945392819199,0.0,45.0,0.0
0191,FSP-AE,19,1.852723429330041,0.0,0.0,0.0,3.534256161281271,45.0,0.0,0.0,7.526668664318118,90.0,0.0,0.0,4.4367417110508045,0.0,0.0,0.0,5.534989251452922,0.0,45.0,0.0
0193,FSP-AE,19,1.8338346418183549,0.0,0.0,0.0,3.567855626973458,45.0,0.0,0.0,7.512452358100733,90.0,0.0,0.0,6.0195641391716475,0.0,0.0,0.0,5.692338167086337,0.0,45.0,0.0
0196,FSP-AE,19,1.8517963505287696,0.0,0.0,0.0,3.104419392053794,45.0,0.0,0.0,6.148295673663116,90.0,0.0,0.0,4.803771045584638,0.0,0.0,0.0,6.085412804538083,0.0,45.0,0.0
0198,FSP-AE,19,1.5860582759904938,0.0,0.0,0.0,3.4461572627654116,45.0,0.0,0.0,7.065399734054289,90.0,0.0,0.0,5.497483081600413,0.0,0.0,0.0,7.25468875520001,0.0,45.0,0.0
0200,FSP-AE,19,1.6600222185846476,0.0,0.0,0.0,3.4450704606803457,45.0,0.0,0.0,5.261076754947961,90.0,0.0,0.0,5.3115250233341,0.0,0.0,0.0,6.07899982683294,0.0,45.0,0.0
0010,FSP-AE,5,1.7726037935406198,0.0,0.0,0.0,3.1402013444312407,45.0,0.0,0.0,9.519840656435404,90.0,0.0,0.0,6.392250873327225,0.0,0.0,0.0,9.157374307025474,0.0,45.0,0.0
0022,FSP-AE,5,1.6830507620670825,0.0,0.0,0.0,3.2816316568061628,45.0,0.0,0.0,10.13851954499245,90.0,0.0,0.0,6.251673659560809,0.0,0.0,0.0,9.372213430414575,0.0,45.0,0.0
0026,FSP-AE,5,1.770178791645082,0.0,0.0,0.0,3.1877025733591795,45.0,0.0,0.0,10.208514795625803,90.0,0.0,0.0,7.365419850261655,0.0,0.0,0.0,11.134900928810449,0.0,45.0,0.0
0030,FSP-AE,5,1.7133496618889696,0.0,0.0,0.0,3.5597312075813115,45.0,0.0,0.0,9.317688530052934,90.0,0.0,0.0,7.423639695127766,0.0,0.0,0.0,10.249854184336693,0.0,45.0,0.0
0032,FSP-AE,5,1.759359307257267,0.0,0.0,0.0,3.364884816676504,45.0,0.0,0.0,9.653413024337175,90.0,0.0,0.0,6.479014770105504,0.0,0.0,0.0,7.675721838667525,0.0,45.0,0.0
0033,FSP-AE,5,1.8308253412532487,0.0,0.0,0.0,3.0977249209898035,45.0,0.0,0.0,8.067322243627874,90.0,0.0,0.0,6.804662613525053,0.0,0.0,0.0,8.933063780099241,0.0,45.0,0.0
0037,FSP-AE,5,1.7932202341989771,0.0,0.0,0.0,2.9842866045851086,45.0,0.0,0.0,7.467781445705409,90.0,0.0,0.0,6.509975700232743,0.0,0.0,0.0,9.15276011750923,0.0,45.0,0.0
0040,FSP-AE,5,1.7304160433720024,0.0,0.0,0.0,3.3158545073544925,45.0,0.0,0.0,11.831538751694127,90.0,0.0,0.0,6.452423193664778,0.0,0.0,0.0,9.479571746218,0.0,45.0,0.0
0048,FSP-AE,5,1.7637316593175865,0.0,0.0,0.0,3.0652663486081924,45.0,0.0,0.0,9.527539244570361,90.0,0.0,0.0,7.464334252859697,0.0,0.0,0.0,7.076057747746048,0.0,45.0,0.0
0059,FSP-AE,5,1.7092556034943138,0.0,0.0,0.0,3.388502929789999,45.0,0.0,0.0,7.602591291752777,90.0,0.0,0.0,5.253539758488762,0.0,0.0,0.0,8.024295712137764,0.0,45.0,0.0
0068,FSP-AE,5,1.6786202883782069,0.0,0.0,0.0,3.4342518821877785,45.0,0.0,0.0,10.231853743279617,90.0,0.0,0.0,6.509440252949817,0.0,0.0,0.0,9.739924227127384,0.0,45.0,0.0
0071,FSP-AE,5,1.731867055672188,0.0,0.0,0.0,3.1909790791812993,45.0,0.0,0.0,9.158376528587809,90.0,0.0,0.0,5.481901481239388,0.0,0.0,0.0,9.746713053690184,0.0,45.0,0.0
0073,FSP-AE,5,1.7251722221921448,0.0,0.0,0.0,3.4241555505361436,45.0,0.0,0.0,8.790293497087031,90.0,0.0,0.0,6.516596921350798,0.0,0.0,0.0,10.950060834359306,0.0,45.0,0.0
0078,FSP-AE,5,1.7396596298061744,0.0,0.0,0.0,3.712991605899386,45.0,0.0,0.0,11.37046331564557,90.0,0.0,0.0,5.564024605985703,0.0,0.0,0.0,9.215738410054518,0.0,45.0,0.0
0080,FSP-AE,5,1.7726765882489361,0.0,0.0,0.0,2.976065750437668,45.0,0.0,0.0,8.853589927566649,90.0,0.0,0.0,5.4196035397153475,0.0,0.0,0.0,7.677532902373144,0.0,45.0,0.0
0082,FSP-AE,5,1.67649641155474,0.0,0.0,0.0,3.268603235610331,45.0,0.0,0.0,8.296864541458293,90.0,0.0,0.0,6.727723073995782,0.0,0.0,0.0,10.626635794978782,0.0,45.0,0.0
0083,FSP-AE,5,1.7533823687865726,0.0,0.0,0.0,3.602847936151469,45.0,0.0,0.0,11.206931475604481,90.0,0.0,0.0,5.251972161907895,0.0,0.0,0.0,9.84586099511958,0.0,45.0,0.0
0088,FSP-AE,5,1.7115892421756578,0.0,0.0,0.0,3.0946292209228052,45.0,0.0,0.0,9.694856435456865,90.0,0.0,0.0,6.907610634655208,0.0,0.0,0.0,8.2052301768497,0.0,45.0,0.0
0089,FSP-AE,5,1.6811605504838916,0.0,0.0,0.0,3.311380534592055,45.0,0.0,0.0,11.133337329296022,90.0,0.0,0.0,6.9054915784064725,0.0,0.0,0.0,11.789335740380727,0.0,45.0,0.0
0100,FSP-AE,5,1.6899922467581776,0.0,0.0,0.0,3.1267498128329345,45.0,0.0,0.0,10.209956597708018,90.0,0.0,0.0,8.845491641807481,0.0,0.0,0.0,10.349857848353938,0.0,45.0,0.0
0104,FSP-AE,5,1.6708783380439338,0.0,0.0,0.0,3.371606149262849,45.0,0.0,0.0,9.82218387080091,90.0,0.0,0.0,7.057072795667506,0.0,0.0,0.0,14.636937219292054,0.0,45.0,0.0
0116,FSP-AE,5,1.6950954460382257,0.0,0.0,0.0,3.6108676433882314,45.0,0.0,0.0,10.899666891319804,90.0,0.0,0.0,7.170296342243096,0.0,0.0,0.0,9.7589182462337,0.0,45.0,0.0
0118,FSP-AE,5,1.7550629184395787,0.0,0.0,0.0,3.24610094038183,45.0,0.0,0.0,9.578163388985896,90.0,0.0,0.0,6.7889920921394085,0.0,0.0,0.0,9.62944774870815,0.0,45.0,0.0
0128,FSP-AE,5,1.7163399225272131,0.0,0.0,0.0,3.196693885788709,45.0,0.0,0.0,10.889833863869999,90.0,0.0,0.0,5.605489079046743,0.0,0.0,0.0,9.53645314383564,0.0,45.0,0.0
0141,FSP-AE,5,1.837569156453508,0.0,0.0,0.0,2.8772023939395113,45.0,0.0,0.0,5.9890744629492225,90.0,0.0,0.0,5.348946915433476,0.0,0.0,0.0,9.592925310641201,0.0,45.0,0.0
0143,FSP-AE,5,1.7438794980219887,0.0,0.0,0.0,3.128778880431657,45.0,0.0,0.0,7.550355003511452,90.0,0.0,0.0,4.961809144327727,0.0,0.0,0.0,10.354145572709639,0.0,45.0,0.0
0148,FSP-AE,5,1.7370867156280603,0.0,0.0,0.0,3.774665217252845,45.0,0.0,0.0,8.188056459093538,90.0,0.0,0.0,6.82875116153705,0.0,0.0,0.0,12.566519808132243,0.0,45.0,0.0
0149,FSP-AE,5,1.7015473912835413,0.0,0.0,0.0,2.925689670759941,45.0,0.0,0.0,7.243157601124285,90.0,0.0,0.0,7.480659954228625,0.0,0.0,0.0,7.123173006541195,0.0,45.0,0.0
0152,FSP-AE,5,1.7756719404329295,0.0,0.0,0.0,3.3246065177615085,45.0,0.0,0.0,9.93203278878814,90.0,0.0,0.0,6.6340985979735665,0.0,0.0,0.0,12.721237369443367,0.0,45.0,0.0
0166,FSP-AE,5,1.8613836079827522,0.0,0.0,0.0,3.4777578153771427,45.0,0.0,0.0,10.210847744978048,90.0,0.0,0.0,5.873359358961657,0.0,0.0,0.0,13.266857776572051,0.0,45.0,0.0
0168,FSP-AE,5,1.6581414545811328,0.0,0.0,0.0,3.0841227084565888,45.0,0.0,0.0,7.137295776233938,90.0,0.0,0.0,5.682487022038878,0.0,0.0,0.0,8.86481453952181,0.0,45.0,0.0
0169,FSP-AE,5,1.8236347162448339,0.0,0.0,0.0,2.768042658424587,45.0,0.0,0.0,6.091557383273342,90.0,0.0,0.0,7.770127815151259,0.0,0.0,0.0,6.975789294606419,0.0,45.0,0.0
0172,FSP-AE,5,1.770311915323354,0.0,0.0,0.0,3.7288413931837714,45.0,0.0,0.0,7.568391079505994,90.0,0.0,0.0,6.122324684821221,0.0,0.0,0.0,10.934858697080813,0.0,45.0,0.0
0173,FSP-AE,5,1.800606526326131,0.0,0.0,0.0,2.9897199095726754,45.0,0.0,0.0,9.439512920360324,90.0,0.0,0.0,6.823395398533222,0.0,0.0,0.0,6.9725514645945115,0.0,45.0,0.0
0175,FSP-AE,5,1.8446412277052562,0.0,0.0,0.0,3.3248997684881125,45.0,0.0,0.0,8.452741774370455,90.0,0.0,0.0,5.122499867525642,0.0,0.0,0.0,9.586930408473942,0.0,45.0,0.0
0179,FSP-AE,5,1.8860665345271586,0.0,0.0,0.0,2.9655265923483376,45.0,0.0,0.0,12.319037889471007,90.0,0.0,0.0,6.200688152550481,0.0,0.0,0.0,10.146772500684305,0.0,45.0,0.0
0191,FSP-AE,5,1.711393355242548,0.0,0.0,0.0,3.34067427475256,45.0,0.0,0.0,9.604597164811851,90.0,0.0,0.0,6.874007112070431,0.0,0.0,0.0,8.526036555568902,0.0,45.0,0.0
0193,FSP-AE,5,1.7376230800084964,0.0,0.0,0.0,3.5950925723536504,45.0,0.0,0.0,9.257545441888029,90.0,0.0,0.0,7.713509950274132,0.0,0.0,0.0,9.30761234905061,0.0,45.0,0.0
0196,FSP-AE,5,1.735340579747904,0.0,0.0,0.0,3.4619278476265842,45.0,0.0,0.0,9.13884730250503,90.0,0.0,0.0,6.909726764812304,0.0,0.0,0.0,9.723236797141412,0.0,45.0,0.0
0198,FSP-AE,5,1.6990977775172527,0.0,0.0,0.0,3.3617327981260363,45.0,0.0,0.0,9.054049747589147,90.0,0.0,0.0,6.979883013877098,0.0,0.0,0.0,11.437915628586557,0.0,45.0,0.0
0200,FSP-AE,5,1.6882990048442315,0.0,0.0,0.0,3.7891697794446415,45.0,0.0,0.0,6.693623702091215,90.0,0.0,0.0,6.315041121951994,0.0,0.0,0.0,7.650536481548029,0.0,45.0,0.0
